0.843,17.5,11.4,27.3,11.3,19.9,744.133,1336.551,212.62,9.532,-0.429,331.715,487.866,2.95,1.96,5.89,44.,0.1,15.5,27.9,25.,40.,10.,23.,32.7,19.,8.84,99.
0.843,17.5,11.4,27.3,11.3,19.9,744.133,1336.551,212.62,9.532,-0.429,331.715,487.866,2.95,1.96,5.89,44.,0.05,15.5,27.9,25.,40.,10.,23.,32.7,19.,8.84,89.
0.843,17.5,11.4,27.3,11.3,19.9,744.133,1336.551,212.62,9.532,-0.429,331.715,487.866,2.95,1.96,5.89,44.,0.045,15.5,27.9,25.,40.,10.,23.,32.7,19.,8.84,65.
0.843,17.5,11.4,27.3,11.3,19.9,744.133,1336.551,212.62,9.532,-0.429,331.715,487.866,2.95,1.96,5.89,44.,0.05,15.5,27.9,25.,20.,10.,23.,32.7,19.,8.84,17.
0.843,17.5,11.4,27.3,11.3,19.9,744.133,1336.551,212.62,9.532,-0.429,331.715,487.866,2.95,1.96,5.89,44.,0.05,15.5,27.9,25.,60.,10.,23.,32.7,19.,8.84,97.
0.843,17.5,11.4,27.3,11.3,19.9,744.133,1336.551,212.62,9.532,-0.429,331.715,487.866,2.95,1.96,5.89,44.,0.025,15.5,27.9,25.,60.,10.,23.,32.7,19.,8.84,89.
0.843,17.5,11.4,27.3,11.3,19.9,744.133,1336.551,212.62,9.532,-0.429,331.715,487.866,2.95,1.96,5.89,44.,0.0125,15.5,27.9,25.,60.,10.,23.,32.7,19.,8.84,74.
0.843,17.5,11.4,27.3,11.3,19.9,744.133,1336.551,212.62,9.532,-0.429,331.715,487.866,2.95,1.96,5.89,44.,0.005,15.5,27.9,25.,60.,10.,23.,32.7,19.,8.84,46.
0.843,17.5,11.4,27.3,11.3,19.9,744.133,1336.551,212.62,9.532,-0.429,331.715,487.866,2.95,1.96,5.89,44.,0.0125,15.5,27.9,25.,80.,10.,23.,32.7,19.,8.84,66.
0.843,17.5,11.4,27.3,11.3,19.9,744.133,1336.551,212.62,9.532,-0.429,331.715,487.866,2.95,1.96,5.89,44.,0.005,15.5,27.9,25.,60.,10.,23.,17.9,19.8,8.84,36.
0.843,17.5,11.4,27.3,11.3,19.9,744.133,1336.551,212.62,9.532,-0.429,532.919,800.948,2.96,1.89,15.84,7.9,0.4,15.5,27.9,0.8,100.,20.7,24.,7.58,20.,4.,24.
0.843,17.5,11.4,27.3,11.3,19.9,744.133,1336.551,212.62,9.532,-0.429,532.919,800.948,2.96,1.89,15.84,7.9,1.1,15.5,27.9,2.2,135.,51.7,3.,3.86,16.,1.9,88.
0.843,17.5,11.4,27.3,11.3,19.9,744.133,1336.551,212.62,9.532,-0.429,532.919,800.948,2.96,1.89,15.84,7.9,1.1,15.5,27.9,2.2,135.,51.7,3.,3.86,16.,1.9,98.
0.843,17.5,11.4,27.3,11.3,19.9,744.133,1336.551,212.62,9.532,-0.429,532.919,800.948,2.96,1.89,15.84,7.9,1.1,15.5,27.9,2.2,135.,51.7,20.,3.86,16.,1.9,98.
0.843,17.5,11.4,27.3,11.3,19.9,744.133,1336.551,212.62,9.532,-0.429,532.919,800.948,2.96,1.89,15.84,7.9,1.,15.5,27.9,2.,135.,51.7,3.,3.86,16.,1.9,98.
0.843,17.5,11.4,27.3,11.3,19.9,744.133,1336.551,212.62,9.532,-0.429,532.919,800.948,2.96,1.89,15.84,7.9,1.,15.5,27.9,2.,135.,51.7,1.,3.86,16.,1.9,98.
0.843,17.5,11.4,27.3,11.3,19.9,744.133,1336.551,212.62,9.532,-0.429,532.919,800.948,2.96,1.89,15.84,7.9,0.9,15.5,27.9,1.8,135.,51.7,0.25,3.86,16.,1.9,98.
0.843,17.5,11.4,27.3,11.3,19.9,744.133,1336.551,212.62,9.532,-0.429,532.919,800.948,2.96,1.89,15.84,7.9,0.5,15.5,27.9,1.,135.,51.7,1.,3.86,16.,1.9,97.
0.843,17.5,11.4,27.3,11.3,19.9,744.133,1336.551,212.62,9.532,-0.429,532.919,800.948,2.96,1.89,15.84,7.9,0.5,15.5,27.9,1.,135.,51.7,2.,3.86,16.,1.9,98.
0.843,17.5,11.4,27.3,11.3,19.9,744.133,1336.551,212.62,9.532,-0.429,532.919,800.948,2.96,1.89,15.84,7.9,0.3,15.5,27.9,0.6,135.,51.7,21.,3.86,16.,1.9,98.
0.843,17.5,11.4,27.3,11.3,19.9,744.133,1336.551,212.62,9.532,-0.429,314.071,445.678,2.96,1.81,5.61,200.,0.1,15.5,27.9,10.,100.,50.,16.,32.7,19.,160.,98.
0.843,17.5,11.4,27.3,11.3,19.9,744.133,1336.551,212.62,9.532,-0.429,532.919,800.948,2.96,1.89,15.84,200.,0.1,15.5,27.9,10.,100.,50.,16.,32.7,19.,160.,98.
0.843,17.5,11.4,27.3,11.3,19.9,744.133,1336.551,212.62,9.532,-0.429,340.357,480.328,2.96,1.91,7.87,200.,0.1,15.5,27.9,10.,100.,50.,16.,32.7,19.,160.,100.
0.843,17.5,11.4,27.3,11.3,19.9,744.133,1336.551,212.62,9.532,-0.429,386.95,570.968,2.96,1.74,6.95,200.,0.1,15.5,27.9,10.,100.,50.,16.,32.7,19.,160.,100.
0.843,17.5,11.4,27.3,11.3,19.9,744.133,1336.551,212.62,9.532,-0.429,408.519,608.002,2.96,2.69,4.13,200.,0.1,15.5,27.9,10.,100.,50.,16.,32.7,19.,160.,100.
0.843,17.5,11.4,27.3,11.3,19.9,744.133,1336.551,212.62,9.532,-0.429,310.968,425.741,2.96,1.88,7.7,10.,0.01,15.5,27.9,10.,100.,50.,16.,32.7,19.,8.,11.
0.843,17.5,11.4,27.3,11.3,19.9,744.133,1336.551,212.62,9.532,-0.429,336.489,476.324,2.96,1.96,7.79,10.,0.01,15.5,27.9,10.,100.,50.,16.,32.7,19.,8.,10.
0.843,17.5,11.4,27.3,11.3,19.9,744.133,1336.551,212.62,9.532,-0.429,364.941,536.97,2.96,2.54,5.62,10.,0.01,15.5,27.9,10.,100.,50.,16.,32.7,19.,8.,98.
0.843,17.5,11.4,27.3,11.3,19.9,744.133,1336.551,212.62,9.532,-0.429,269.518,363.379,2.97,1.94,5.45,10.,0.01,15.5,27.9,5.,80.,50.,16.,32.7,19.,5.5,99.
0.843,17.5,11.4,27.3,11.3,19.9,744.133,1336.551,212.62,9.532,-0.429,269.518,363.379,2.97,1.94,5.45,10.,0.1,15.5,27.9,5.,40.,50.,16.,32.7,19.,5.5,98.
0.843,17.5,11.4,27.3,11.3,19.9,744.133,1336.551,212.62,9.532,-0.429,269.518,363.379,2.97,1.94,5.45,48.,0.025,15.5,27.9,9.6,30.,50.,24.,32.7,19.,5.,87.
0.965,14.2,9.5,19.5,20.4,7.3,798.625,1547.045,200.912,3.115,-0.03,314.071,445.678,2.96,1.81,5.61,20.,0.025,15.5,27.9,5.,40.,50.,16.,7.58,20.,10.,98.
0.965,14.2,9.5,19.5,20.4,7.3,798.625,1547.045,200.912,3.115,-0.03,261.139,344.828,2.96,1.88,5.45,20.,0.005,15.9,29.8,1.,40.,50.,16.,6.02,17.1,2.,100.
0.965,14.2,9.5,19.5,20.4,7.3,798.625,1547.045,200.912,3.115,-0.03,348.849,494.32,2.96,1.89,8.21,20.,0.005,15.5,27.9,5.,40.,50.,16.,7.58,20.,10.,94.
0.965,14.2,9.5,19.5,20.4,7.3,798.625,1547.045,200.912,3.115,-0.03,276.698,371.926,2.95,1.89,5.39,20.,0.025,17.,29.4,1.,40.,50.,16.,7.58,20.,10.,100.
0.965,14.2,9.5,19.5,20.4,7.3,798.625,1547.045,200.912,3.115,-0.03,268.708,364.512,2.96,1.77,4.15,20.,0.05,15.5,27.9,10.,40.,50.,16.,7.58,20.,10.,98.
0.855,16.2,11.1,19.9,17.5,16.1,601.931,1109.161,202.281,10.684,-0.432,346.211,497.682,2.96,1.81,5.61,2.,1.,17.,29.4,1.,115.,5.3,16.,2.25,14.3,2.,7.
0.855,16.2,11.1,19.9,17.5,16.1,601.931,1109.161,202.281,10.684,-0.432,346.211,497.682,2.96,1.81,5.61,2.,1.,17.,29.4,1.,140.,5.3,16.,2.25,14.3,2.,11.5
0.878,13.9,7.7,15.4,9.3,23.2,581.851,1065.523,201.102,11.777,-0.203,346.211,497.682,2.96,1.81,5.61,2.,1.,17.,29.4,1.,115.,5.3,4.,2.25,14.3,2.,96.
0.878,13.9,7.7,15.4,9.3,23.2,581.851,1065.523,201.102,11.777,-0.203,504.569,750.973,2.96,1.88,10.51,2.,1.,17.,29.4,1.,115.,5.3,5.,2.25,14.3,2.,82.2
0.878,13.9,7.7,15.4,9.3,23.2,581.851,1065.523,201.102,11.777,-0.203,429.832,650.89,2.96,1.84,7.84,2.,1.,17.,29.4,1.,115.,5.3,7.,2.25,14.3,2.,98.
0.878,13.9,7.7,15.4,9.3,23.2,581.851,1065.523,201.102,11.777,-0.203,314.071,445.678,2.96,1.81,5.61,2.,1.,17.,29.4,1.,115.,5.3,4.,2.25,14.3,2.,97.
0.878,13.9,7.7,15.4,9.3,23.2,581.851,1065.523,201.102,11.777,-0.203,320.899,444.951,2.96,1.89,5.67,2.,1.,17.,29.4,1.,115.,5.3,4.,2.25,14.3,2.,98.
0.878,13.9,7.7,15.4,9.3,23.2,581.851,1065.523,201.102,11.777,-0.203,261.139,344.828,2.96,1.88,5.45,2.,1.,17.,29.4,1.,115.,5.3,12.,2.25,14.3,2.,85.6
0.878,13.9,7.7,15.4,9.3,23.2,581.851,1065.523,201.102,11.777,-0.203,392.199,579.266,2.96,1.89,8.97,2.,1.,17.,29.4,1.,115.,5.3,5.,2.25,14.3,2.,97.
0.834,18.1,25.6,24.,5.1,18.,642.922,1156.952,202.576,11.914,-0.203,504.569,750.973,2.96,1.88,10.51,1.,0.5,17.,29.4,1.1,24.,5.,24.,7.58,20.,1.,99.
0.834,18.1,25.6,24.,5.1,18.,642.922,1156.952,202.576,11.914,-0.203,348.849,494.32,2.96,1.89,8.21,1.,0.5,17.,29.4,1.1,24.,5.,24.,7.58,20.,1.,99.
0.834,18.1,25.6,24.,5.1,18.,642.922,1156.952,202.576,11.914,-0.203,458.979,692.511,3.3,2.4,8.22,1.,0.5,17.,29.4,1.1,24.,5.,24.,7.58,20.,1.,98.
0.834,18.1,25.6,24.,5.1,18.,642.922,1156.952,202.576,11.914,-0.203,275.248,386.927,2.96,1.9,3.88,1.,0.5,17.,29.4,1.1,24.,5.,24.,7.58,20.,1.,98.
0.866,14.7,15.4,22.4,5.1,15.9,579.291,1065.532,203.264,11.838,-0.214,337.399,489.458,3.32,2.03,7.24,1.,0.5,17.,29.4,5.,24.,5.,24.,7.58,20.,1.,93.
0.834,18.1,25.6,24.,5.1,18.,642.922,1156.952,202.576,11.914,-0.203,316.834,444.53,2.95,2.39,5.94,1.,0.5,17.,29.4,1.1,24.,5.,32.,7.58,20.,1.,74.
0.834,18.1,25.6,24.,5.1,18.,642.922,1156.952,202.576,11.914,-0.203,429.832,650.89,2.96,1.84,7.84,1.,0.5,17.,29.4,1.1,24.,5.,24.,7.58,20.,1.,75.
0.834,18.1,25.6,24.,5.1,18.,642.922,1156.952,202.576,11.914,-0.203,406.8,598.403,2.96,1.88,8.16,1.,0.5,17.,29.4,5.,24.,5.,24.,7.58,20.,1.,91.
0.834,18.1,25.6,24.,5.1,18.,642.922,1156.952,202.576,11.914,-0.203,346.211,497.682,2.96,1.81,5.61,1.,0.5,17.,29.4,5.,24.,5.,48.,7.58,20.,1.,83.
0.867,15.4,11.2,15.4,14.6,20.,679.803,1269.547,187.854,11.25,-0.071,346.211,497.682,2.96,1.81,5.61,1.,1.,17.,29.4,8.,105.,5.3,2.,2.38,0.1,2.,97.7
0.867,15.4,11.2,15.4,14.6,20.,679.803,1269.547,187.854,11.25,-0.071,377.91,549.943,3.64,2.19,6.97,1.,1.,17.,29.4,8.,105.,5.3,2.,2.38,0.1,2.,99.7
0.867,15.4,11.2,15.4,14.6,20.,679.803,1269.547,187.854,11.25,-0.071,227.739,292.038,2.96,1.88,4.16,1.,1.,17.,29.4,8.,105.,5.3,2.,2.38,0.1,2.,96.
0.867,15.4,11.2,15.4,14.6,20.,679.803,1269.547,187.854,11.25,-0.071,261.139,344.828,2.96,1.88,5.45,1.,1.,17.,29.4,8.,105.,5.3,2.,2.38,0.1,2.,99.
0.867,15.4,11.2,15.4,14.6,20.,679.803,1269.547,187.854,11.25,-0.071,348.21,500.134,2.96,1.87,7.93,1.,1.,17.,29.4,8.,105.,5.3,3.,2.38,0.1,2.,90.
0.867,15.4,11.2,15.4,14.6,20.,679.803,1269.547,187.854,11.25,-0.071,401.678,580.75,2.96,1.95,7.58,1.,1.,17.,29.4,8.,105.,5.3,2.,2.38,0.1,2.,99.
0.877,7.6,13.9,3.8,7.3,5.4,852.984,1639.314,183.314,6.622,-0.378,314.071,445.678,2.96,1.81,5.61,20.,0.05,17.,29.4,0.,120.,50.,24.,7.58,20.,50.,2.
0.877,7.6,13.9,3.8,7.3,5.4,852.984,1639.314,183.314,6.622,-0.378,314.071,445.678,2.96,1.81,5.61,20.,0.05,17.,29.4,10.,120.,50.,24.,7.58,20.,50.,35.
0.877,7.6,13.9,3.8,7.3,5.4,852.984,1639.314,183.314,6.622,-0.378,314.071,445.678,2.96,1.81,5.61,10.,2.,17.,29.4,10.,140.,50.,36.,7.58,20.,50.,98.
0.877,7.6,13.9,3.8,7.3,5.4,852.984,1639.314,183.314,6.622,-0.378,314.071,445.678,2.96,1.81,5.61,20.,0.05,30.,30.,5.,120.,50.,4.,7.58,20.,50.,99.
0.804,14.2,22.9,19.1,10.5,4.4,635.191,1143.049,214.158,18.499,-0.22,314.071,445.678,2.96,1.81,5.61,20.,0.05,17.,29.4,0.,120.,50.,24.,7.58,20.,50.,36.
0.804,14.2,22.9,19.1,10.5,4.4,635.191,1143.049,214.158,18.499,-0.22,314.071,445.678,2.96,1.81,5.61,20.,0.05,17.,29.4,10.,120.,50.,24.,7.58,20.,50.,39.
0.804,14.2,22.9,19.1,10.5,4.4,635.191,1143.049,214.158,18.499,-0.22,314.071,445.678,2.96,1.81,5.61,20.,0.05,30.,30.,5.,120.,50.,3.5,7.58,20.,50.,99.
0.877,7.6,13.9,3.8,7.3,5.4,852.984,1639.314,183.314,6.622,-0.378,314.071,445.678,2.96,1.81,5.61,20.,0.05,30.,30.,1.,120.,50.,12.,7.58,20.,50.,25.
0.877,7.6,13.9,3.8,7.3,5.4,852.984,1639.314,183.314,6.622,-0.378,314.071,445.678,2.96,1.81,5.61,20.,0.05,30.,30.,2.5,120.,50.,12.,7.58,20.,50.,56.
0.877,7.6,13.9,3.8,7.3,5.4,852.984,1639.314,183.314,6.622,-0.378,314.071,445.678,2.96,1.81,5.61,20.,0.05,30.,30.,5.,120.,50.,4.,7.58,20.,50.,99.
0.877,7.6,13.9,3.8,7.3,5.4,852.984,1639.314,183.314,6.622,-0.378,314.071,445.678,2.96,1.81,5.61,20.,0.05,30.,30.,10.,120.,50.,3.5,7.58,20.,50.,99.
0.877,7.6,13.9,3.8,7.3,5.4,852.984,1639.314,183.314,6.622,-0.378,314.071,445.678,2.96,1.81,5.61,20.,0.05,30.,30.,5.,120.,50.,4.,7.58,20.,50.,95.
0.877,7.6,13.9,3.8,7.3,5.4,852.984,1639.314,183.314,6.622,-0.378,314.071,445.678,2.96,1.81,5.61,20.,0.05,30.,30.,5.,120.,50.,12.,7.58,20.,50.,95.
0.877,7.6,13.9,3.8,7.3,5.4,852.984,1639.314,183.314,6.622,-0.378,346.211,497.682,2.96,1.81,5.61,20.,0.05,30.,30.,5.,120.,50.,12.,7.58,20.,50.,94.
0.877,7.6,13.9,3.8,7.3,5.4,852.984,1639.314,183.314,6.622,-0.378,407.421,599.698,2.96,1.81,7.98,20.,0.05,30.,30.,5.,120.,50.,12.,7.58,20.,50.,94.
0.877,7.6,13.9,3.8,7.3,5.4,852.984,1639.314,183.314,6.622,-0.378,429.832,650.89,2.96,1.84,7.84,20.,0.05,30.,30.,5.,120.,50.,12.,7.58,20.,50.,85.
0.877,7.6,13.9,3.8,7.3,5.4,852.984,1639.314,183.314,6.622,-0.378,320.43,458.869,2.96,1.81,5.61,20.,0.05,30.,30.,5.,120.,50.,18.,7.58,20.,50.,60.
0.877,7.6,13.9,3.8,7.3,5.4,852.984,1639.314,183.314,6.622,-0.378,356.649,529.719,3.64,2.28,5.62,20.,0.0125,30.,30.,5.,120.,50.,16.,7.58,20.,50.,95.
0.877,7.6,13.9,3.8,7.3,5.4,852.984,1639.314,183.314,6.622,-0.378,356.649,529.719,3.64,2.28,5.62,20.,0.005,30.,30.,5.,120.,50.,28.,7.58,20.,50.,82.
0.877,7.6,13.9,3.8,7.3,5.4,852.984,1639.314,183.314,6.622,-0.378,333.64,484.173,3.28,2.17,5.59,20.,0.05,30.,30.,5.,120.,50.,12.,7.58,20.,50.,85.
0.877,7.6,13.9,3.8,7.3,5.4,852.984,1639.314,183.314,6.622,-0.378,333.64,484.173,3.28,2.17,5.59,20.,0.0125,30.,30.,5.,120.,50.,24.,7.58,20.,50.,60.
0.877,7.6,13.9,3.8,7.3,5.4,852.984,1639.314,183.314,6.622,-0.378,340.172,496.129,3.51,2.2,5.59,20.,0.05,30.,30.,5.,120.,50.,12.,7.58,20.,50.,85.
0.877,7.6,13.9,3.8,7.3,5.4,852.984,1639.314,183.314,6.622,-0.378,340.172,496.129,3.51,2.2,5.59,20.,0.0125,30.,30.,5.,120.,50.,24.,7.58,20.,50.,56.
0.877,7.6,13.9,3.8,7.3,5.4,852.984,1639.314,183.314,6.622,-0.378,348.502,512.636,3.98,2.15,5.6,20.,0.05,30.,30.,5.,120.,50.,12.,7.58,20.,50.,76.
0.877,7.6,13.9,3.8,7.3,5.4,852.984,1639.314,183.314,6.622,-0.378,323.939,462.691,2.96,1.81,6.15,20.,0.05,30.,30.,5.,120.,50.,12.,7.58,20.,50.,93.
0.877,7.6,13.9,3.8,7.3,5.4,852.984,1639.314,183.314,6.622,-0.378,323.939,462.691,2.96,1.81,6.15,20.,0.005,30.,30.,5.,120.,50.,24.,7.58,20.,50.,72.
0.877,7.6,13.9,3.8,7.3,5.4,852.984,1639.314,183.314,6.622,-0.378,367.838,541.205,2.96,2.03,7.36,20.,0.05,30.,30.,5.,120.,50.,5.,7.58,20.,50.,94.
0.877,7.6,13.9,3.8,7.3,5.4,852.984,1639.314,183.314,6.622,-0.378,367.838,541.205,2.96,2.03,7.36,20.,0.005,30.,30.,5.,120.,50.,18.,7.58,20.,50.,92.
0.877,7.6,13.9,3.8,7.3,5.4,852.984,1639.314,183.314,6.622,-0.378,367.838,541.205,2.96,2.03,7.36,20.,0.001,30.,30.,5.,120.,50.,30.,7.58,20.,50.,42.
0.877,7.6,13.9,3.8,7.3,5.4,852.984,1639.314,183.314,6.622,-0.378,339.89,490.556,2.96,1.84,6.97,20.,0.05,30.,30.,5.,120.,50.,8.,7.58,20.,50.,90.
0.877,7.6,13.9,3.8,7.3,5.4,852.984,1639.314,183.314,6.622,-0.378,339.89,490.556,2.96,1.84,6.97,20.,0.00625,30.,30.,5.,120.,50.,24.,7.58,20.,50.,88.
0.877,7.6,13.9,3.8,7.3,5.4,852.984,1639.314,183.314,6.622,-0.378,346.632,502.603,2.96,1.87,7.26,20.,0.05,30.,30.,5.,120.,50.,8.,7.58,20.,50.,93.
0.877,7.6,13.9,3.8,7.3,5.4,852.984,1639.314,183.314,6.622,-0.378,346.632,502.603,2.96,1.87,7.26,20.,0.005,30.,30.,5.,120.,50.,24.,7.58,20.,50.,85.
0.877,7.6,13.9,3.8,7.3,5.4,852.984,1639.314,183.314,6.622,-0.378,324.319,463.101,2.96,1.81,6.04,20.,0.05,30.,30.,5.,120.,50.,12.,7.58,20.,50.,91.
0.877,7.6,13.9,3.8,7.3,5.4,852.984,1639.314,183.314,6.622,-0.378,324.319,463.101,2.96,1.81,6.04,20.,0.005,30.,30.,5.,120.,50.,24.,7.58,20.,50.,71.
0.877,7.6,13.9,3.8,7.3,5.4,852.984,1639.314,183.314,6.622,-0.378,368.108,541.457,2.96,2.02,7.13,20.,0.05,30.,30.,5.,120.,50.,4.,7.58,20.,50.,95.
0.877,7.6,13.9,3.8,7.3,5.4,852.984,1639.314,183.314,6.622,-0.378,368.108,541.457,2.96,2.02,7.13,20.,0.005,30.,30.,5.,120.,50.,18.,7.58,20.,50.,92.
0.877,7.6,13.9,3.8,7.3,5.4,852.984,1639.314,183.314,6.622,-0.378,368.108,541.457,2.96,2.02,7.13,200.,0.001,30.,30.,10.,140.,50.,30.,7.58,20.,50.,51.
0.877,7.6,13.9,3.8,7.3,5.4,852.984,1639.314,183.314,6.622,-0.378,339.94,490.467,2.96,1.83,6.85,20.,0.05,30.,30.,5.,120.,50.,8.,7.58,20.,50.,90.
0.877,7.6,13.9,3.8,7.3,5.4,852.984,1639.314,183.314,6.622,-0.378,339.94,490.467,2.96,1.83,6.85,20.,0.00625,30.,30.,5.,120.,50.,24.,7.58,20.,50.,86.
0.877,7.6,13.9,3.8,7.3,5.4,852.984,1639.314,183.314,6.622,-0.378,346.802,502.793,2.96,1.87,7.13,20.,0.05,30.,30.,5.,120.,50.,8.,7.58,20.,50.,94.
0.877,7.6,13.9,3.8,7.3,5.4,852.984,1639.314,183.314,6.622,-0.378,346.802,502.793,2.96,1.87,7.13,20.,0.005,30.,30.,5.,120.,50.,24.,7.58,20.,50.,86.
0.877,7.6,13.9,3.8,7.3,5.4,852.984,1639.314,183.314,6.622,-0.378,357.36,519.868,2.96,1.89,6.81,20.,0.1,30.,30.,5.,120.,50.,24.,7.58,20.,50.,70.
0.877,7.6,13.9,3.8,7.3,5.4,852.984,1639.314,183.314,6.622,-0.378,343.25,495.464,2.96,1.89,6.56,20.,0.05,30.,30.,5.,120.,50.,24.,7.58,20.,50.,50.
0.877,7.6,13.9,3.8,7.3,5.4,852.984,1639.314,183.314,6.622,-0.378,381.819,571.02,4.39,2.24,5.61,20.,0.1,30.,30.,5.,120.,50.,24.,7.58,20.,50.,30.
0.877,7.6,13.9,3.8,7.3,5.4,852.984,1639.314,183.314,6.622,-0.378,333.169,479.095,2.96,1.82,6.04,20.,0.0125,30.,30.,5.,120.,50.,24.,7.58,20.,50.,50.
0.877,7.6,13.9,3.8,7.3,5.4,852.984,1639.314,183.314,6.622,-0.378,355.766,523.559,2.96,2.29,6.16,20.,0.0125,30.,30.,5.,120.,50.,12.,7.58,20.,50.,65.
0.959,16.4,12.6,17.6,22.9,12.3,751.995,1423.686,196.499,3.48,-0.074,314.071,445.678,2.96,1.81,5.61,10.,0.0002,17.,29.4,2.5,80.,50.,5.,7.58,20.,4.,98.
0.959,16.4,12.6,17.6,22.9,12.3,751.995,1423.686,196.499,3.48,-0.074,364.941,536.97,2.96,2.54,5.62,10.,0.0003333333333333333,17.,29.4,2.5,80.,50.,5.,7.58,20.,4.,99.
0.959,16.4,12.6,17.6,22.9,12.3,751.995,1423.686,196.499,3.48,-0.074,429.832,650.89,2.96,1.84,7.84,10.,0.00025,17.,29.4,2.5,80.,50.,5.,7.58,20.,4.,99.
0.959,16.4,12.6,17.6,22.9,12.3,751.995,1423.686,196.499,3.48,-0.074,344.85,497.397,3.62,2.15,6.98,10.,0.0005,17.,29.4,2.5,80.,50.,5.,7.58,20.,4.,99.
0.959,16.4,12.6,17.6,22.9,12.3,751.995,1423.686,196.499,3.48,-0.074,357.36,519.868,2.96,1.89,6.81,10.,0.0002,17.,29.4,2.5,80.,50.,5.,7.58,20.,4.,99.
0.959,16.4,12.6,17.6,22.9,12.3,751.995,1423.686,196.499,3.48,-0.074,339.94,490.467,2.96,1.83,6.85,10.,0.0002,17.,29.4,2.5,80.,50.,5.,7.58,20.,4.,80.
0.959,16.4,12.6,17.6,22.9,12.3,751.995,1423.686,196.499,3.48,-0.074,261.139,344.828,2.96,1.88,5.45,10.,0.0001,17.,29.4,2.5,80.,50.,5.,7.58,20.,4.,90.
0.959,16.4,12.6,17.6,22.9,12.3,751.995,1423.686,196.499,3.48,-0.074,348.849,494.32,2.96,1.89,8.21,10.,0.0003333333333333333,17.,29.4,2.5,80.,50.,5.,7.58,20.,4.,96.
0.959,16.4,12.6,17.6,22.9,12.3,751.995,1423.686,196.499,3.48,-0.074,275.248,386.927,2.96,1.9,3.88,5.,0.002,17.,29.4,2.5,80.,50.,5.,2.38,0.1,2.5,82.
0.959,16.4,12.6,17.6,22.9,12.3,751.995,1423.686,196.499,3.48,-0.074,340.357,480.328,2.96,1.91,7.87,5.,0.001,17.,29.4,2.5,80.,50.,5.,7.58,20.,2.5,84.
0.959,16.4,12.6,17.6,22.9,12.3,751.995,1423.686,196.499,3.48,-0.074,381.819,571.02,4.39,2.24,5.61,5.,0.005,17.,29.4,2.5,80.,50.,5.,7.58,20.,2.5,96.
0.959,16.4,12.6,17.6,22.9,12.3,751.995,1423.686,196.499,3.48,-0.074,392.199,579.266,2.96,1.89,8.97,5.,0.001,17.,29.4,2.5,80.,50.,5.,7.58,20.,2.5,92.
0.959,16.4,12.6,17.6,22.9,12.3,751.995,1423.686,196.499,3.48,-0.074,268.708,364.512,2.96,1.77,4.15,5.,0.0025,17.,29.4,2.5,80.,50.,5.,7.58,20.,2.5,92.
0.959,16.4,12.6,17.6,22.9,12.3,751.995,1423.686,196.499,3.48,-0.074,532.949,800.71,2.96,1.89,15.84,5.,0.00016666666666666666,17.,29.4,2.5,80.,50.,5.,7.58,20.,2.5,97.
0.959,16.4,12.6,17.6,22.9,12.3,751.995,1423.686,196.499,3.48,-0.074,589.388,898.817,2.95,1.88,18.44,5.,0.0001,17.,29.4,2.5,80.,50.,5.,7.58,20.,2.5,99.
0.959,16.4,12.6,17.6,22.9,12.3,751.995,1423.686,196.499,3.48,-0.074,649.578,999.458,2.96,1.88,20.95,5.,0.0001,17.,29.4,2.5,80.,50.,5.,7.58,20.,2.5,88.
0.92,14.3,18.2,19.7,8.4,11.1,640.474,1159.859,168.152,16.749,0.23,314.071,445.678,2.96,1.81,5.61,5.,0.02,15.5,27.9,10.,100.,50.,16.,2.38,0.1,3.,40.
0.934,19.2,15.7,20.,14.3,26.9,710.675,1294.443,167.983,4.324,0.232,314.071,445.678,2.96,1.81,5.61,5.,0.02,15.5,27.9,10.,100.,50.,16.,2.38,0.1,3.,99.
0.934,19.2,15.7,20.,14.3,26.9,710.675,1294.443,167.983,4.324,0.232,314.071,445.678,2.96,1.81,5.61,5.,0.01,15.5,27.9,10.,100.,50.,16.,2.38,0.1,3.,65.
0.934,19.2,15.7,20.,14.3,26.9,710.675,1294.443,167.983,4.324,0.232,314.071,445.678,2.96,1.81,5.61,5.,0.01,15.5,27.9,5.,100.,50.,16.,2.38,0.1,3.,94.
0.934,19.2,15.7,20.,14.3,26.9,710.675,1294.443,167.983,4.324,0.232,314.071,445.678,2.96,1.81,5.61,5.,0.01,15.9,29.8,5.,100.,50.,16.,2.38,0.1,3.,98.
0.934,19.2,15.7,20.,14.3,26.9,710.675,1294.443,167.983,4.324,0.232,314.071,445.678,2.96,1.81,5.61,5.,0.01,17.,29.4,5.,100.,50.,16.,2.38,0.1,3.,8.
0.934,19.2,15.7,20.,14.3,26.9,710.675,1294.443,167.983,4.324,0.232,314.071,445.678,2.96,1.81,5.61,5.,0.01,15.9,29.8,5.,100.,50.,16.,32.7,19.,3.,8.
0.934,19.2,15.7,20.,14.3,26.9,710.675,1294.443,167.983,4.324,0.232,314.071,445.678,2.96,1.81,5.61,5.,0.01,15.9,29.8,5.,100.,50.,16.,24.5,19.2,3.,31.
0.934,19.2,15.7,20.,14.3,26.9,710.675,1294.443,167.983,4.324,0.232,314.071,445.678,2.96,1.81,5.61,5.,0.01,15.9,29.8,5.,100.,50.,16.,17.9,19.8,3.,26.
0.934,19.2,15.7,20.,14.3,26.9,710.675,1294.443,167.983,4.324,0.232,314.071,445.678,2.96,1.81,5.61,5.,0.01,15.9,29.8,5.,100.,50.,16.,7.58,20.,3.,16.
0.934,19.2,15.7,20.,14.3,26.9,710.675,1294.443,167.983,4.324,0.232,314.071,445.678,2.96,1.81,5.61,5.,0.01,15.9,29.8,5.,100.,50.,16.,2.25,14.3,3.,14.
0.934,19.2,15.7,20.,14.3,26.9,710.675,1294.443,167.983,4.324,0.232,314.071,445.678,2.96,1.81,5.61,5.,0.01,15.9,29.8,5.,100.,50.,16.,6.6,15.,0.63,5.
0.934,19.2,15.7,20.,14.3,26.9,710.675,1294.443,167.983,4.324,0.232,314.071,445.678,2.96,1.81,5.61,5.,0.01,15.9,29.8,5.,100.,50.,16.,8.93,1.,3.,0.
0.934,19.2,15.7,20.,14.3,26.9,710.675,1294.443,167.983,4.324,0.232,314.071,445.678,2.96,1.81,5.61,5.,0.01,15.9,29.8,5.,100.,10.,16.,2.38,0.1,3.,8.
0.934,19.2,15.7,20.,14.3,26.9,710.675,1294.443,167.983,4.324,0.232,314.071,445.678,2.96,1.81,5.61,5.,0.01,15.9,29.8,5.,100.,30.,16.,2.38,0.1,3.,31.
0.934,19.2,15.7,20.,14.3,26.9,710.675,1294.443,167.983,4.324,0.232,314.071,445.678,2.96,1.81,5.61,5.,0.01,15.9,29.8,5.,100.,50.,16.,2.38,0.1,3.,98.
0.934,19.2,15.7,20.,14.3,26.9,710.675,1294.443,167.983,4.324,0.232,314.071,445.678,2.96,1.81,5.61,5.,0.01,15.9,29.8,5.,100.,70.,16.,2.38,0.1,3.,98.
0.934,19.2,15.7,20.,14.3,26.9,710.675,1294.443,167.983,4.324,0.232,314.071,445.678,2.96,1.81,5.61,5.,0.01,15.9,29.8,5.,40.,50.,16.,2.38,0.1,3.,14.
0.934,19.2,15.7,20.,14.3,26.9,710.675,1294.443,167.983,4.324,0.232,314.071,445.678,2.96,1.81,5.61,5.,0.01,15.9,29.8,5.,60.,50.,16.,2.38,0.1,3.,90.
0.934,19.2,15.7,20.,14.3,26.9,710.675,1294.443,167.983,4.324,0.232,314.071,445.678,2.96,1.81,5.61,5.,0.01,15.9,29.8,5.,80.,50.,16.,2.38,0.1,3.,99.
0.934,19.2,15.7,20.,14.3,26.9,710.675,1294.443,167.983,4.324,0.232,314.071,445.678,2.96,1.81,5.61,5.,0.0005,15.9,29.8,5.,80.,50.,16.,2.38,0.1,3.,99.
0.934,19.2,15.7,20.,14.3,26.9,710.675,1294.443,167.983,4.324,0.232,429.832,650.89,2.96,1.84,7.84,5.,0.0005,15.9,29.8,5.,80.,50.,16.,2.38,0.1,3.,97.
0.934,19.2,15.7,20.,14.3,26.9,710.675,1294.443,167.983,4.324,0.232,364.941,536.97,2.96,2.54,5.62,5.,0.002,15.9,29.8,5.,80.,50.,16.,2.38,0.1,3.,98.
0.934,19.2,15.7,20.,14.3,26.9,710.675,1294.443,167.983,4.324,0.232,357.36,519.868,2.96,1.89,6.81,5.,0.002,15.9,29.8,5.,80.,50.,16.,2.38,0.1,3.,91.
0.934,19.2,15.7,20.,14.3,26.9,710.675,1294.443,167.983,4.324,0.232,339.94,490.467,2.96,1.83,6.85,5.,0.0025,15.9,29.8,5.,80.,50.,16.,2.38,0.1,3.,82.
0.934,19.2,15.7,20.,14.3,26.9,710.675,1294.443,167.983,4.324,0.232,344.85,497.397,3.62,2.15,6.98,5.,0.001,15.9,29.8,5.,80.,50.,16.,2.38,0.1,3.,71.
0.934,19.2,15.7,20.,14.3,26.9,710.675,1294.443,167.983,4.324,0.232,261.139,344.828,2.96,1.88,5.45,5.,0.001,15.9,29.8,5.,80.,50.,16.,2.38,0.1,3.,95.
0.934,19.2,15.7,20.,14.3,26.9,710.675,1294.443,167.983,4.324,0.232,348.849,494.32,2.96,1.89,8.21,5.,0.002,15.9,29.8,5.,80.,50.,16.,2.38,0.1,3.,99.
0.934,19.2,15.7,20.,14.3,26.9,710.675,1294.443,167.983,4.324,0.232,275.248,386.927,2.96,1.9,3.88,5.,0.002,15.9,29.8,5.,80.,50.,16.,2.38,0.1,3.,48.
0.934,19.2,15.7,20.,14.3,26.9,710.675,1294.443,167.983,4.324,0.232,268.708,364.512,2.96,1.77,4.15,5.,0.025,15.9,29.8,5.,80.,50.,16.,2.38,0.1,3.,99.
0.878,13.9,7.7,15.4,9.3,23.2,581.851,1065.523,201.102,11.777,-0.203,314.071,445.678,2.96,1.81,5.61,100.,0.05,15.5,27.9,5.,40.,50.,3.,7.58,20.,15.,4.
0.927,17.9,24.6,10.2,9.,27.9,680.823,1291.32,203.758,0.569,-0.077,314.071,445.678,2.96,1.81,5.61,100.,0.05,15.5,27.9,5.,40.,50.,3.,7.58,20.,15.,63.
0.843,17.5,11.4,27.3,11.3,19.9,744.133,1336.551,212.62,9.532,-0.429,314.071,445.678,2.96,1.81,5.61,100.,0.05,15.5,27.9,5.,40.,50.,3.,7.58,20.,15.,4.
0.965,14.2,9.5,19.5,20.4,7.3,798.625,1547.045,200.912,3.115,-0.03,314.071,445.678,2.96,1.81,5.61,100.,0.05,15.5,27.9,5.,40.,50.,3.,7.58,20.,15.,75.
0.97,14.2,18.8,14.5,8.2,15.4,704.183,1304.517,203.777,4.784,-0.082,314.071,445.678,2.96,1.81,5.61,100.,0.05,15.5,27.9,5.,40.,50.,3.,7.58,20.,15.,86.
0.869,13.8,19.1,13.3,8.,14.9,702.733,1289.764,199.121,10.302,-0.35,314.071,445.678,2.96,1.81,5.61,100.,0.05,15.5,27.9,5.,40.,50.,3.,7.58,20.,15.,84.
0.964,15.5,15.1,18.7,15.5,12.5,716.443,1326.321,205.044,4.903,-0.08,314.071,445.678,2.96,1.81,5.61,100.,0.05,15.5,27.9,5.,40.,50.,3.,7.58,20.,15.,57.
0.779,23.6,24.5,19.2,17.,33.7,460.099,753.885,220.706,10.288,-0.21,314.071,445.678,2.96,1.81,5.61,100.,0.05,15.5,27.9,5.,40.,50.,3.,7.58,20.,15.,45.
0.878,13.9,7.7,15.4,9.3,23.2,581.851,1065.523,201.102,11.777,-0.203,386.95,570.968,2.96,1.74,6.95,100.,0.05,15.5,27.9,5.,40.,50.,3.,7.58,20.,15.,18.
0.927,17.9,24.6,10.2,9.,27.9,680.823,1291.32,203.758,0.569,-0.077,386.95,570.968,2.96,1.74,6.95,100.,0.05,15.5,27.9,5.,40.,50.,3.,7.58,20.,15.,55.
0.843,17.5,11.4,27.3,11.3,19.9,744.133,1336.551,212.62,9.532,-0.429,386.95,570.968,2.96,1.74,6.95,100.,0.05,15.5,27.9,5.,40.,50.,3.,7.58,20.,15.,23.
0.965,14.2,9.5,19.5,20.4,7.3,798.625,1547.045,200.912,3.115,-0.03,386.95,570.968,2.96,1.74,6.95,100.,0.05,15.5,27.9,5.,40.,50.,3.,7.58,20.,15.,89.
0.97,14.2,18.8,14.5,8.2,15.4,704.183,1304.517,203.777,4.784,-0.082,386.95,570.968,2.96,1.74,6.95,100.,0.05,15.5,27.9,5.,40.,50.,3.,7.58,20.,15.,98.
0.869,13.8,19.1,13.3,8.,14.9,702.733,1289.764,199.121,10.302,-0.35,386.95,570.968,2.96,1.74,6.95,100.,0.05,15.5,27.9,5.,40.,50.,3.,7.58,20.,15.,96.
0.964,15.5,15.1,18.7,15.5,12.5,716.443,1326.321,205.044,4.903,-0.08,386.95,570.968,2.96,1.74,6.95,100.,0.05,15.5,27.9,5.,40.,50.,3.,7.58,20.,15.,75.
0.779,23.6,24.5,19.2,17.,33.7,460.099,753.885,220.706,10.288,-0.21,386.95,570.968,2.96,1.74,6.95,100.,0.05,15.5,27.9,5.,40.,50.,3.,7.58,20.,15.,66.
0.97,14.2,18.8,14.5,8.2,15.4,704.183,1304.517,203.777,4.784,-0.082,314.071,445.678,2.96,1.81,5.61,20.,0.005,17.,29.4,1.,40.,50.,6.,7.58,20.,6.,95.
0.97,14.2,18.8,14.5,8.2,15.4,704.183,1304.517,203.777,4.784,-0.082,346.211,497.682,2.96,1.81,5.61,20.,0.001,15.9,29.8,1.,40.,50.,16.,7.58,20.,6.,85.
0.97,14.2,18.8,14.5,8.2,15.4,704.183,1304.517,203.777,4.784,-0.082,381.819,571.02,4.39,2.24,5.61,20.,0.02,15.5,27.9,1.,100.,50.,1.2,7.58,20.,6.,96.
0.97,14.2,18.8,14.5,8.2,15.4,704.183,1304.517,203.777,4.784,-0.082,392.419,579.518,2.96,1.89,5.61,20.,0.01,15.5,27.9,1.,40.,50.,16.,7.58,20.,6.,93.
0.97,14.2,18.8,14.5,8.2,15.4,704.183,1304.517,203.777,4.784,-0.082,392.419,579.518,2.96,1.89,5.61,20.,0.02,15.5,27.9,1.,100.,50.,1.,7.58,20.,6.,100.
0.97,14.2,18.8,14.5,8.2,15.4,704.183,1304.517,203.777,4.784,-0.082,261.139,344.828,2.96,1.88,5.45,20.,0.0005,15.9,29.8,1.,40.,50.,14.,6.02,17.1,6.,95.
0.97,14.2,18.8,14.5,8.2,15.4,704.183,1304.517,203.777,4.784,-0.082,261.139,344.828,2.96,1.88,5.45,20.,0.00025,15.9,29.8,1.,40.,50.,21.,6.02,17.1,6.,73.
0.97,14.2,18.8,14.5,8.2,15.4,704.183,1304.517,203.777,4.784,-0.082,348.849,494.32,2.96,1.89,8.21,20.,0.001,15.5,27.9,1.,40.,50.,24.,7.58,20.,6.,81.
0.97,14.2,18.8,14.5,8.2,15.4,704.183,1304.517,203.777,4.784,-0.082,348.849,494.32,2.96,1.89,8.21,20.,0.002,15.5,27.9,1.,100.,50.,2.,7.58,20.,6.,98.
0.97,14.2,18.8,14.5,8.2,15.4,704.183,1304.517,203.777,4.784,-0.082,276.698,371.926,2.95,1.89,5.39,20.,0.002,15.5,27.9,1.,60.,50.,16.,7.58,20.,6.,100.
0.97,14.2,18.8,14.5,8.2,15.4,704.183,1304.517,203.777,4.784,-0.082,310.968,425.741,2.96,1.88,7.7,20.,0.01,15.5,27.9,1.,23.,50.,21.,7.58,20.,6.,97.
0.97,14.2,18.8,14.5,8.2,15.4,704.183,1304.517,203.777,4.784,-0.082,436.609,635.941,5.19,1.94,10.57,20.,0.01,17.,29.4,1.,40.,50.,8.,7.58,20.,6.,100.
0.97,14.2,18.8,14.5,8.2,15.4,704.183,1304.517,203.777,4.784,-0.082,268.708,364.512,2.96,1.77,4.15,20.,0.01,15.5,27.9,1.,100.,50.,1.,2.38,0.1,6.,93.
0.97,14.2,18.8,14.5,8.2,15.4,704.183,1304.517,203.777,4.784,-0.082,275.248,386.927,2.96,1.9,3.88,20.,0.002,15.5,27.9,1.,100.,50.,2.,2.38,0.1,6.,99.
0.957,16.1,24.8,21.6,8.1,9.7,802.685,1560.552,178.078,1.159,-0.041,337.399,489.458,3.32,2.03,7.24,1.,1.,17.,29.4,1.,80.,2.,6.,2.38,0.1,1.,0.
0.957,16.1,24.8,21.6,8.1,9.7,802.685,1560.552,178.078,1.159,-0.041,316.834,444.53,2.95,2.39,5.94,1.,1.,17.,29.4,1.,80.,2.,6.,2.38,0.1,1.,0.
0.957,16.1,24.8,21.6,8.1,9.7,802.685,1560.552,178.078,1.159,-0.041,275.248,386.927,2.96,1.9,3.88,1.,1.,17.,29.4,1.,80.,2.,6.,2.38,0.1,1.,0.
0.864,10.9,3.6,13.8,13.8,12.2,825.724,1639.008,173.147,22.66,-0.201,443.279,649.025,2.96,1.88,9.19,1.,1.,17.,29.4,1.,135.,5.4,2.,2.38,0.1,2.,96.
0.864,10.9,3.6,13.8,13.8,12.2,825.724,1639.008,173.147,22.66,-0.201,320.899,444.951,2.96,1.89,5.67,1.,1.,17.,29.4,1.,135.,5.4,2.,2.38,0.1,2.,97.
0.864,10.9,3.6,13.8,13.8,12.2,825.724,1639.008,173.147,22.66,-0.201,429.832,650.89,2.96,1.84,7.84,1.,1.,17.,29.4,1.,135.,5.4,2.,2.38,0.1,2.,89.
0.864,10.9,3.6,13.8,13.8,12.2,825.724,1639.008,173.147,22.66,-0.201,346.211,497.682,2.96,1.81,5.61,1.,1.,17.,29.4,1.,135.,5.4,2.,2.38,0.1,2.,97.
0.864,10.9,3.6,13.8,13.8,12.2,825.724,1639.008,173.147,22.66,-0.201,346.211,497.682,2.96,1.81,5.61,20.,0.025,17.,29.4,0.025,110.,50.7,12.,2.38,0.1,5.,71.
0.962,1.7,2.1,0.8,0.6,3.2,667.97,1272.228,191.354,25.729,0.247,314.071,445.678,2.96,1.81,5.61,10.,0.05,17.,29.4,10.,80.,10.,5.,2.38,0.1,10.,4.
0.843,17.5,11.4,27.3,11.3,19.9,744.133,1336.551,212.62,9.532,-0.429,314.071,445.678,2.96,1.81,5.61,10.,0.1,17.,29.4,10.,80.,10.,5.,2.38,0.1,10.,49.
0.878,13.9,7.7,15.4,9.3,23.2,581.851,1065.523,201.102,11.777,-0.203,314.071,445.678,2.96,1.81,5.61,10.,0.1,17.,29.4,10.,80.,10.,5.,2.38,0.1,10.,64.
0.97,14.2,18.8,14.5,8.2,15.4,704.183,1304.517,203.777,4.784,-0.082,314.071,445.678,2.96,1.81,5.61,10.,0.1,17.,29.4,10.,80.,10.,5.,2.38,0.1,10.,82.
0.97,14.2,18.8,14.5,8.2,15.4,704.183,1304.517,203.777,4.784,-0.082,309.71,435.962,2.96,1.81,5.62,2.5,0.1,17.,29.4,40.,80.,10.,5.,2.38,0.1,10.,3.
0.977,12.6,9.3,15.9,11.4,13.8,781.735,1473.1,193.937,0.835,-0.123,314.071,445.678,2.96,1.81,5.61,10.,0.05,17.,29.4,10.,80.,10.,5.,2.38,0.1,10.,93.
0.847,10.5,6.8,15.8,16.1,3.4,584.49,1062.066,184.134,11.197,-0.21,346.211,497.682,2.96,1.81,5.61,1.,1.,17.,29.4,8.,120.,5.6,12.,2.38,0.1,10.,68.
0.881,14.,11.1,20.1,13.5,11.1,582.241,1062.609,205.235,11.332,-0.219,346.211,497.682,2.96,1.81,5.61,1.,1.,17.,29.4,8.,120.,5.6,12.,2.38,0.1,10.,70.
0.818,20.7,13.1,36.3,24.7,8.8,557.66,989.302,185.248,11.314,-0.214,346.211,497.682,2.96,1.81,5.61,1.,1.,17.,29.4,8.,120.,5.6,12.,2.38,0.1,10.,62.
0.827,19.9,13.3,32.7,25.,8.6,569.552,1016.047,182.428,11.339,-0.217,346.211,497.682,2.96,1.81,5.61,1.,1.,17.,29.4,8.,120.,5.6,12.,2.38,0.1,10.,73.
0.827,19.9,13.3,32.7,25.,8.6,569.552,1016.047,182.428,11.339,-0.217,346.211,497.682,2.96,1.81,5.61,1.,1.,17.,29.4,8.,120.,8.3,12.,2.38,0.1,10.,99.
0.979,11.7,8.7,19.,10.5,8.5,876.324,1762.423,192.867,1.152,-0.09,314.071,445.678,2.96,1.81,5.61,10.,0.05,17.,29.4,10.,80.,10.,5.,2.38,0.1,10.,42.
0.981,10.4,7.2,17.2,11.6,5.9,825.904,1647.249,195.6,2.228,0.017,314.071,445.678,2.96,1.81,5.61,10.,0.05,17.,29.4,10.,80.,10.,5.,2.38,0.1,10.,11.
0.983,10.6,8.2,18.9,10.5,4.9,888.015,1850.967,193.266,1.887,-0.027,314.071,445.678,2.96,1.81,5.61,10.,0.05,17.,29.4,10.,80.,10.,5.,2.38,0.1,10.,5.
0.979,11.9,8.4,19.1,10.1,9.9,798.614,1594.201,197.91,1.499,-0.087,314.071,445.678,2.96,1.81,5.61,10.,0.05,17.,29.4,10.,80.,10.,5.,2.38,0.1,10.,8.
0.975,13.,9.7,18.1,11.6,12.6,824.395,1563.734,189.375,2.276,-0.106,314.071,445.678,2.96,1.81,5.61,10.,0.05,17.,29.4,10.,80.,10.,5.,2.38,0.1,10.,39.
0.975,12.9,19.5,8.6,12.3,11.3,840.185,1592.396,194.257,0.557,-0.105,314.071,445.678,2.96,1.81,5.61,10.,0.05,17.,29.4,10.,80.,10.,5.,2.38,0.1,10.,69.
0.897,7.3,9.7,3.,3.7,12.7,961.332,1914.939,188.447,27.264,-0.346,314.071,445.678,2.96,1.81,5.61,0.5,0.75,17.,29.4,20.,100.,50.,2.,2.25,14.3,2.,53.
0.897,7.3,9.7,3.,3.7,12.7,961.332,1914.939,188.447,27.264,-0.346,532.949,800.71,2.96,1.89,15.84,0.5,0.75,17.,29.4,20.,100.,50.,2.,2.25,14.3,2.,93.
0.897,7.3,9.7,3.,3.7,12.7,961.332,1914.939,188.447,27.264,-0.346,261.718,354.307,2.95,2.1,3.93,0.5,0.75,17.,29.4,20.,100.,50.,2.,2.25,14.3,2.,54.
0.888,8.1,9.6,3.8,4.,15.1,983.193,1925.666,189.176,41.383,-0.297,314.071,445.678,2.96,1.81,5.61,0.5,0.75,17.,29.4,20.,100.,50.,2.,2.25,14.3,2.,50.
0.98,11.8,9.3,16.4,9.6,12.1,1095.426,2168.156,182.84,2.93,-0.144,314.071,445.678,2.96,1.81,5.61,10.,0.1,17.,29.4,10.,80.,10.,5.,2.38,0.1,10.,95.
0.955,15.8,9.2,17.6,20.2,16.3,690.684,1264.041,193.27,4.891,0.077,261.718,354.307,2.95,2.1,3.93,15.,0.25,17.,29.4,2.5,80.,60.,2.,2.38,0.1,30.,92.
0.955,15.8,9.2,17.6,20.2,16.3,690.684,1264.041,193.27,4.891,0.077,314.071,445.678,2.96,1.81,5.61,15.,0.05,17.,29.4,2.5,80.,50.,10.,2.38,0.1,30.,80.
0.962,1.7,2.1,0.8,0.6,3.2,667.97,1272.228,191.354,25.729,0.247,314.071,445.678,2.96,1.81,5.61,1.,2.,17.,29.4,10.,50.,1.,5.,7.58,20.,2.,90.
0.962,1.7,2.1,0.8,0.6,3.2,667.97,1272.228,191.354,25.729,0.247,309.71,435.962,2.96,1.81,5.62,1.,2.,17.,29.4,10.,50.,1.,5.,7.58,20.,2.,98.
0.962,1.7,2.1,0.8,0.6,3.2,667.97,1272.228,191.354,25.729,0.247,309.71,435.962,2.96,1.81,5.62,1.,2.,17.,29.4,20.,50.,1.,5.,7.58,20.,2.,90.
0.962,1.7,2.1,0.8,0.6,3.2,667.97,1272.228,191.354,25.729,0.247,346.632,502.603,2.96,1.87,7.26,1.,2.,17.,29.4,20.,50.,1.,5.,7.58,20.,2.,94.
0.962,1.7,2.1,0.8,0.6,3.2,667.97,1272.228,191.354,25.729,0.247,346.802,502.793,2.96,1.87,7.13,1.,2.,17.,29.4,20.,50.,1.,5.,7.58,20.,2.,94.
0.962,1.7,2.1,0.8,0.6,3.2,667.97,1272.228,191.354,25.729,0.247,346.211,497.682,2.96,1.81,5.61,1.,2.,17.,29.4,20.,50.,1.,5.,7.58,20.,2.,90.
0.962,1.7,2.1,0.8,0.6,3.2,667.97,1272.228,191.354,25.729,0.247,357.699,526.537,6.2,1.72,5.66,1.,2.,17.,29.4,10.,50.,1.,5.,7.58,20.,2.,94.
0.962,1.7,2.1,0.8,0.6,3.2,667.97,1272.228,191.354,25.729,0.247,232.908,304.854,2.95,2.08,3.08,1.,2.,15.5,27.9,50.,50.,1.,5.,7.58,20.,2.,73.
0.897,7.3,9.7,3.,3.7,12.7,961.332,1914.939,188.447,27.264,-0.346,314.071,445.678,2.96,1.81,5.61,1.,1.,17.,29.4,10.,50.,1.,5.,7.58,20.,1.,74.
0.897,7.3,9.7,3.,3.7,12.7,961.332,1914.939,188.447,27.264,-0.346,314.071,445.678,2.96,1.81,5.61,1.,1.,17.,29.4,10.,55.,1.,5.,7.58,20.,1.,60.
0.897,7.3,9.7,3.,3.7,12.7,961.332,1914.939,188.447,27.264,-0.346,314.071,445.678,2.96,1.81,5.61,1.,1.,17.,29.4,10.,45.,1.,5.,7.58,20.,1.,72.
0.897,7.3,9.7,3.,3.7,12.7,961.332,1914.939,188.447,27.264,-0.346,314.071,445.678,2.96,1.81,5.61,1.,1.,17.,29.4,10.,50.,1.,5.,7.58,20.,0.5,58.
0.897,7.3,9.7,3.,3.7,12.7,961.332,1914.939,188.447,27.264,-0.346,314.071,445.678,2.96,1.81,5.61,1.,1.,17.,29.4,10.,50.,1.,5.,7.58,20.,2.,80.
0.897,7.3,9.7,3.,3.7,12.7,961.332,1914.939,188.447,27.264,-0.346,314.071,445.678,2.96,1.81,5.61,1.,0.2,17.,29.4,10.,80.,4.,5.,7.58,20.,1.,95.
0.897,7.3,9.7,3.,3.7,12.7,961.332,1914.939,188.447,27.264,-0.346,309.71,435.962,2.96,1.81,5.62,1.,0.2,17.,29.4,10.,80.,4.,5.,7.58,20.,1.,98.
0.897,7.3,9.7,3.,3.7,12.7,961.332,1914.939,188.447,27.264,-0.346,346.802,502.793,2.96,1.87,7.13,1.,0.2,17.,29.4,10.,80.,4.,5.,7.58,20.,1.,84.
0.897,7.3,9.7,3.,3.7,12.7,961.332,1914.939,188.447,27.264,-0.346,357.699,526.537,6.2,1.72,5.66,1.,0.2,17.,29.4,10.,80.,4.,5.,7.58,20.,1.,94.
0.829,19.8,12.4,32.6,24.5,9.7,567.952,1019.159,177.242,11.788,-0.201,251.425,338.628,2.95,2.2,3.12,1.,1.,17.,29.4,1.,135.,6.1,36.,2.25,14.3,3.,61.
0.829,19.8,12.4,32.6,24.5,9.7,567.952,1019.159,177.242,11.788,-0.201,251.425,338.628,2.95,2.2,3.12,1.,1.,17.,29.4,1.,135.,10.1,36.,2.25,14.3,3.,88.
0.829,19.8,12.4,32.6,24.5,9.7,567.952,1019.159,177.242,11.788,-0.201,251.425,338.628,2.95,2.2,3.12,1.,1.,17.,29.4,1.,110.,10.1,48.,7.58,20.,3.,93.
0.829,19.8,12.4,32.6,24.5,9.7,567.952,1019.159,177.242,11.788,-0.201,251.425,338.628,2.95,2.2,3.12,10.,0.2,17.,29.4,1.,110.,50.7,12.,7.58,20.,5.,85.
0.864,10.9,3.6,13.8,13.8,12.2,825.724,1639.008,173.147,22.66,-0.201,251.425,338.628,2.95,2.2,3.12,1.,1.,17.,29.4,1.,110.,10.1,48.,7.58,20.,3.,58.
0.864,10.9,3.6,13.8,13.8,12.2,825.724,1639.008,173.147,22.66,-0.201,251.425,338.628,2.95,2.2,3.12,1.,1.,17.,29.4,1.,110.,10.1,48.,7.58,20.,3.,0.
0.829,19.8,12.4,32.6,24.5,9.7,567.952,1019.159,177.242,11.788,-0.201,301.376,429.981,2.95,2.3,4.38,1.,1.,17.,29.4,1.,110.,10.1,48.,7.58,20.,3.,87.
0.829,19.8,12.4,32.6,24.5,9.7,567.952,1019.159,177.242,11.788,-0.201,297.446,426.736,2.95,1.91,4.21,1.,1.,17.,29.4,1.,110.,10.1,48.,7.58,20.,3.,82.
0.829,19.8,12.4,32.6,24.5,9.7,567.952,1019.159,177.242,11.788,-0.201,297.446,426.736,2.95,1.91,4.21,10.,0.2,17.,29.4,1.,110.,50.7,12.,7.58,20.,5.,73.
0.864,10.9,3.6,13.8,13.8,12.2,825.724,1639.008,173.147,22.66,-0.201,297.446,426.736,2.95,1.91,4.21,1.,1.,17.,29.4,1.,110.,50.7,12.,7.58,20.,3.,67.
0.927,17.9,24.6,10.2,9.,27.9,680.823,1291.32,203.758,0.569,-0.077,391.17,587.158,2.96,2.47,7.96,5.,0.2,15.5,27.9,10.,80.,50.,16.,7.58,20.,2.,93.
0.927,17.9,24.6,10.2,9.,27.9,680.823,1291.32,203.758,0.569,-0.077,405.849,628.937,3.68,2.96,5.62,5.,1.,15.5,27.9,10.,80.,50.,16.,7.58,20.,2.,70.
0.927,17.9,24.6,10.2,9.,27.9,680.823,1291.32,203.758,0.569,-0.077,300.809,420.381,2.96,1.97,5.66,5.,1.,15.5,27.9,10.,80.,50.,16.,7.58,20.,2.,0.
0.927,17.9,24.6,10.2,9.,27.9,680.823,1291.32,203.758,0.569,-0.077,299.208,415.534,2.96,2.,5.6,5.,1.,15.5,27.9,10.,80.,50.,16.,7.58,20.,2.,0.
0.953,14.3,15.4,8.6,8.9,24.3,796.844,1535.525,197.791,1.515,-0.048,314.071,445.678,2.96,1.81,5.61,4.,0.2,15.5,27.9,10.,100.,50.,3.,7.58,20.,3.,15.
0.931,17.1,8.1,23.8,23.4,13.2,754.404,1412.62,197.424,1.519,-0.083,314.071,445.678,2.96,1.81,5.61,4.,0.2,15.5,27.9,10.,100.,50.,3.,7.58,20.,3.,22.
0.935,17.,11.2,23.8,21.7,11.4,719.644,1326.692,205.03,1.153,-0.079,314.071,445.678,2.96,1.81,5.61,4.,0.2,15.5,27.9,10.,100.,50.,3.,7.58,20.,3.,4.
0.945,15.8,9.7,23.1,20.6,9.6,714.664,1335.821,205.143,1.068,-0.071,314.071,445.678,2.96,1.81,5.61,4.,0.2,15.5,27.9,10.,100.,50.,3.,7.58,20.,3.,49.
0.96,14.3,10.,21.6,18.8,6.7,734.164,1374.716,207.728,0.684,-0.053,314.071,445.678,2.96,1.81,5.61,4.,0.2,15.5,27.9,10.,100.,50.,3.,7.58,20.,3.,27.
0.948,15.4,10.,21.9,20.5,9.2,730.134,1370.634,204.345,1.366,-0.051,314.071,445.678,2.96,1.81,5.61,4.,0.2,15.5,27.9,10.,100.,50.,3.,7.58,20.,3.,76.
0.945,16.,9.5,23.8,20.9,10.,763.265,1440.473,204.336,1.377,-0.073,314.071,445.678,2.96,1.81,5.61,4.,0.2,15.5,27.9,10.,100.,50.,3.,7.58,20.,3.,1.
0.946,15.7,20.6,8.5,10.8,22.8,900.236,1713.828,205.741,1.086,-0.061,314.071,445.678,2.96,1.81,5.61,4.,0.2,15.5,27.9,10.,100.,50.,3.,7.58,20.,3.,97.
0.945,15.7,20.9,8.5,10.7,22.7,786.734,1480.885,205.216,1.386,-0.061,314.071,445.678,2.96,1.81,5.61,4.,0.2,15.5,27.9,10.,100.,50.,3.,7.58,20.,3.,97.
0.863,14.7,6.,7.9,23.1,21.8,896.486,1713.917,209.065,8.925,-0.327,391.17,587.158,2.96,2.47,7.96,5.,1.,30.,30.,0.0001,80.,50.,16.,7.58,20.,2.,95.
0.86,14.4,5.1,23.,22.6,7.,894.296,1712.502,210.506,8.785,-0.328,391.17,587.158,2.96,2.47,7.96,5.,1.,30.,30.,0.0001,80.,50.,16.,7.58,20.,2.,95.
0.863,14.7,6.,7.9,23.1,21.8,896.486,1713.917,209.065,8.925,-0.327,405.849,628.937,3.68,2.96,5.62,5.,1.,30.,30.,0.0001,80.,50.,16.,7.58,20.,2.,92.
0.86,14.4,5.1,23.,22.6,7.,894.296,1712.502,210.506,8.785,-0.328,405.849,628.937,3.68,2.96,5.62,5.,1.,30.,30.,0.0001,80.,50.,16.,7.58,20.,2.,96.
0.86,14.4,5.1,23.,22.6,7.,894.296,1712.502,210.506,8.785,-0.328,450.039,717.074,2.96,2.19,7.02,5.,1.,30.,30.,0.0001,80.,50.,16.,7.58,20.,2.,94.
0.86,14.4,5.1,23.,22.6,7.,894.296,1712.502,210.506,8.785,-0.328,437.379,691.54,3.81,2.7,5.61,5.,1.,30.,30.,0.0001,80.,50.,16.,7.58,20.,2.,89.
0.86,14.4,5.1,23.,22.6,7.,894.296,1712.502,210.506,8.785,-0.328,376.99,566.315,2.96,1.98,6.8,5.,1.,30.,30.,0.0001,80.,50.,16.,7.58,20.,2.,89.
0.863,14.7,6.,7.9,23.1,21.8,896.486,1713.917,209.065,8.925,-0.327,402.51,609.747,2.96,2.04,5.59,5.,1.,30.,30.,0.0001,80.,50.,16.,7.58,20.,2.,95.
0.86,14.4,5.1,23.,22.6,7.,894.296,1712.502,210.506,8.785,-0.328,402.51,609.747,2.96,2.04,5.59,5.,1.,30.,30.,0.0001,80.,50.,16.,7.58,20.,2.,90.
0.863,14.7,6.,7.9,23.1,21.8,896.486,1713.917,209.065,8.925,-0.327,273.459,373.052,2.96,2.,4.34,5.,1.,30.,30.,0.0001,80.,50.,16.,7.58,20.,2.,0.
0.86,14.4,5.1,23.,22.6,7.,894.296,1712.502,210.506,8.785,-0.328,273.459,373.052,2.96,2.,4.34,5.,1.,30.,30.,0.0001,80.,50.,16.,7.58,20.,2.,0.
0.863,14.7,6.,7.9,23.1,21.8,896.486,1713.917,209.065,8.925,-0.327,268.708,364.512,2.96,1.77,4.15,5.,1.,30.,30.,0.0001,80.,50.,16.,7.58,20.,2.,30.
0.86,14.4,5.1,23.,22.6,7.,894.296,1712.502,210.506,8.785,-0.328,268.708,364.512,2.96,1.77,4.15,5.,1.,30.,30.,0.0001,80.,50.,16.,7.58,20.,2.,45.
0.863,14.7,6.,7.9,23.1,21.8,896.486,1713.917,209.065,8.925,-0.327,314.071,445.678,2.96,1.81,5.61,4.,0.2,30.,30.,0.0001,80.,50.,16.,7.58,20.,3.,97.
0.863,14.7,6.,7.9,23.1,21.8,896.486,1713.917,209.065,8.925,-0.327,364.941,536.97,2.96,2.54,5.62,4.,0.2,30.,30.,0.0001,80.,50.,16.,7.58,20.,3.,34.
0.749,14.2,7.3,23.9,20.9,4.6,1077.467,2089.335,181.585,4.605,-0.425,314.071,445.678,2.96,1.81,5.61,1.,1.,17.,29.4,9.,50.,4.,3.,7.58,20.,1.,100.
0.749,14.2,7.3,23.9,20.9,4.6,1077.467,2089.335,181.585,4.605,-0.425,232.908,304.854,2.95,2.08,3.08,1.,1.,17.,29.4,9.,30.,4.,4.,7.58,20.,1.,100.
0.749,14.2,7.3,23.9,20.9,4.6,1077.467,2089.335,181.585,4.605,-0.425,393.779,599.716,3.07,2.69,6.48,1.,1.,17.,29.4,9.,30.,4.,4.,7.58,20.,1.,100.
0.749,14.2,7.3,23.9,20.9,4.6,1077.467,2089.335,181.585,4.605,-0.425,292.209,412.164,2.95,1.83,5.42,1.,2.,17.,29.4,9.,30.,4.,4.,7.58,20.,1.,92.
0.749,14.2,7.3,23.9,20.9,4.6,1077.467,2089.335,181.585,4.605,-0.425,368.108,541.457,2.96,2.02,7.13,1.,2.,17.,29.4,9.,30.,4.,3.,7.58,20.,1.,100.
0.749,14.2,7.3,23.9,20.9,4.6,1077.467,2089.335,181.585,4.605,-0.425,364.941,536.97,2.96,2.54,5.62,1.,2.,17.,29.4,9.,30.,4.,3.,7.58,20.,1.,91.
0.749,14.2,7.3,23.9,20.9,4.6,1077.467,2089.335,181.585,4.605,-0.425,382.309,547.088,2.96,1.89,8.22,1.,2.,17.,29.4,9.,20.,4.,3.,7.58,20.,1.,61.
0.847,16.9,12.6,22.4,10.4,22.4,699.863,1268.638,191.388,10.323,-0.049,346.211,497.682,2.96,1.81,5.61,0.5,0.4,17.,29.4,2.4,105.,6.,20.,2.38,0.1,2.,99.
0.847,16.9,12.6,22.4,10.4,22.4,699.863,1268.638,191.388,10.323,-0.049,429.832,650.89,2.96,1.84,7.84,0.5,0.2,17.,29.4,1.2,105.,6.,20.,2.38,0.1,2.,98.
0.847,16.9,12.6,22.4,10.4,22.4,699.863,1268.638,191.388,10.323,-0.049,443.279,649.025,2.96,1.88,9.19,0.5,0.8,17.,29.4,4.8,105.,6.,20.,2.38,0.1,2.,97.
0.847,16.9,12.6,22.4,10.4,22.4,699.863,1268.638,191.388,10.323,-0.049,292.209,412.164,2.95,1.83,5.42,0.5,0.1,17.,29.4,0.6,105.,6.,20.,2.38,0.1,2.,36.
0.847,16.9,12.6,22.4,10.4,22.4,699.863,1268.638,191.388,10.323,-0.049,292.209,412.164,2.95,1.83,5.42,0.5,0.1,17.,29.4,0.6,105.,30.,20.,2.38,0.1,2.,99.
0.946,15.7,20.6,8.5,10.8,22.8,900.236,1713.828,205.741,1.086,-0.061,324.319,463.101,2.96,1.81,6.04,0.4,0.5,17.,29.4,25.,100.,50.,16.,6.97,12.,3.,99.
0.938,16.8,12.4,23.6,20.4,10.6,915.216,1707.116,205.542,1.053,-0.075,324.319,463.101,2.96,1.81,6.04,0.4,0.5,17.,29.4,25.,100.,50.,16.,6.97,12.,3.,28.
0.96,14.2,10.,21.3,18.8,6.8,921.816,1754.241,208.722,0.676,-0.04,324.319,463.101,2.96,1.81,6.04,0.4,0.5,17.,29.4,25.,100.,50.,16.,6.97,12.,3.,44.
0.956,13.2,8.4,21.9,17.3,5.2,947.873,1857.03,210.421,0.85,-0.014,324.319,463.101,2.96,1.81,6.04,0.4,0.5,17.,29.4,25.,100.,50.,16.,6.97,12.,3.,10.
0.97,13.4,9.2,16.6,18.8,8.8,816.374,1605.586,211.656,1.629,0.201,324.319,463.101,2.96,1.81,6.04,0.4,0.5,17.,29.4,25.,100.,50.,16.,6.97,12.,3.,4.
0.947,15.5,7.9,21.8,23.8,8.5,818.055,1540.369,204.908,2.266,-0.032,324.319,463.101,2.96,1.81,6.04,0.4,0.5,17.,29.4,25.,100.,50.,16.,6.97,12.,3.,1.
0.955,15.3,22.9,6.4,8.8,23.,765.815,1470.736,200.022,3.265,-0.15,324.319,463.101,2.96,1.81,6.04,0.4,0.5,17.,29.4,25.,100.,50.,16.,6.97,12.,3.,4.
0.869,14.8,11.7,14.8,10.1,22.8,723.793,1362.428,191.112,10.522,-0.052,346.211,497.682,2.96,1.81,5.61,1.,0.001,17.,29.4,0.006,105.,6.,20.,2.38,0.1,2.,100.
0.869,14.8,11.7,14.8,10.1,22.8,723.793,1362.428,191.112,10.522,-0.052,346.211,497.682,2.96,1.81,5.61,1.,0.00025,17.,29.4,0.0015,105.,6.,20.,2.38,0.1,2.,60.
0.945,15.8,9.7,23.1,20.6,9.6,714.664,1335.821,205.143,1.068,-0.071,324.319,463.101,2.96,1.81,6.04,0.4,0.5,17.,29.4,25.,100.,50.,16.,6.97,12.,3.,48.
0.948,15.4,10.,21.9,20.5,9.2,730.134,1370.634,204.345,1.366,-0.051,324.319,463.101,2.96,1.81,6.04,0.4,0.5,17.,29.4,25.,100.,50.,16.,6.97,12.,3.,2.
0.869,14.8,11.7,14.8,10.1,22.8,723.793,1362.428,191.112,10.522,-0.052,324.319,463.101,2.96,1.81,6.04,0.4,0.5,17.,29.4,25.,100.,50.,16.,6.97,12.,3.,0.
0.945,16.,9.5,23.8,20.9,10.,763.265,1440.473,204.336,1.377,-0.073,324.319,463.101,2.96,1.81,6.04,0.4,0.5,17.,29.4,25.,100.,50.,16.,6.97,12.,3.,9.
0.963,13.7,9.8,20.9,16.,8.,722.073,1382.161,205.27,1.401,-0.01,324.319,463.101,2.96,1.81,6.04,0.4,0.5,17.,29.4,25.,100.,50.,16.,6.97,12.,3.,2.
0.938,17.2,7.2,24.3,28.3,9.2,766.544,1436.434,203.338,5.105,-0.052,324.319,463.101,2.96,1.81,6.04,0.4,0.5,17.,29.4,25.,100.,50.,16.,6.97,12.,3.,2.
0.968,13.5,7.5,9.1,21.6,15.7,984.695,1955.851,197.01,7.138,-0.029,324.319,463.101,2.96,1.81,6.04,0.4,0.5,17.,29.4,25.,100.,50.,16.,6.97,12.,3.,7.
0.955,15.4,25.,8.8,7.7,20.,755.084,1428.466,199.607,1.96,-0.059,324.319,463.101,2.96,1.81,6.04,0.4,0.5,17.,29.4,25.,100.,50.,16.,6.97,12.,3.,96.
0.946,15.7,20.6,8.5,10.8,22.8,900.236,1713.828,205.741,1.086,-0.061,324.319,463.101,2.96,1.81,6.04,0.4,0.25,17.,29.4,2.5,100.,50.,16.,6.97,12.,3.,0.
0.946,15.7,20.6,8.5,10.8,22.8,900.236,1713.828,205.741,1.086,-0.061,324.319,463.101,2.96,1.81,6.04,0.4,0.25,17.,29.4,5.,100.,50.,16.,6.97,12.,3.,6.
0.946,15.7,20.6,8.5,10.8,22.8,900.236,1713.828,205.741,1.086,-0.061,324.319,463.101,2.96,1.81,6.04,0.4,0.25,17.,29.4,7.5,100.,50.,16.,6.97,12.,3.,47.
0.946,15.7,20.6,8.5,10.8,22.8,900.236,1713.828,205.741,1.086,-0.061,324.319,463.101,2.96,1.81,6.04,0.4,0.25,17.,29.4,10.,100.,50.,16.,6.97,12.,3.,94.
0.946,15.7,20.6,8.5,10.8,22.8,900.236,1713.828,205.741,1.086,-0.061,324.319,463.101,2.96,1.81,6.04,0.4,0.25,17.,29.4,12.5,100.,50.,16.,6.97,12.,3.,94.
0.946,15.7,20.6,8.5,10.8,22.8,900.236,1713.828,205.741,1.086,-0.061,324.319,463.101,2.96,1.81,6.04,0.4,0.25,17.,29.4,17.5,100.,50.,16.,6.97,12.,3.,96.
0.946,15.7,20.6,8.5,10.8,22.8,900.236,1713.828,205.741,1.086,-0.061,324.319,463.101,2.96,1.81,6.04,0.4,0.25,17.,29.4,20.,100.,50.,16.,6.97,12.,3.,97.
0.946,15.7,20.6,8.5,10.8,22.8,900.236,1713.828,205.741,1.086,-0.061,324.319,463.101,2.96,1.81,6.04,0.4,0.25,17.,29.4,25.,100.,50.,16.,6.97,12.,3.,97.
0.946,15.7,20.6,8.5,10.8,22.8,900.236,1713.828,205.741,1.086,-0.061,324.319,463.101,2.96,1.81,6.04,0.4,0.25,17.,29.4,37.5,100.,50.,16.,6.97,12.,3.,97.
0.949,16.2,24.4,13.,9.2,18.1,640.073,1174.146,208.167,6.212,-0.017,324.319,463.101,2.96,1.81,6.04,0.4,0.5,17.,29.4,25.,100.,50.,16.,6.97,12.,3.,99.
0.949,16.2,24.4,13.,9.2,18.1,640.073,1174.146,208.167,6.212,-0.017,324.319,463.101,2.96,1.81,6.04,0.4,0.5,17.,29.4,25.,100.,50.,2.,6.97,12.,3.,97.
0.949,16.1,12.1,25.2,18.3,9.,793.581,1459.772,208.666,4.607,-0.006,324.319,463.101,2.96,1.81,6.04,0.4,0.5,17.,29.4,25.,100.,50.,16.,6.97,12.,3.,76.
0.951,16.2,26.2,17.9,8.5,12.1,707.843,1308.008,207.165,6.851,0.026,324.319,463.101,2.96,1.81,6.04,0.4,0.5,17.,29.4,25.,100.,50.,16.,6.97,12.,3.,98.
0.951,16.2,26.2,17.9,8.5,12.1,707.843,1308.008,207.165,6.851,0.026,324.319,463.101,2.96,1.81,6.04,0.4,0.5,17.,29.4,25.,100.,50.,2.,6.97,12.,3.,98.
0.976,13.,12.7,18.,9.3,11.9,660.223,1232.478,206.144,5.809,0.024,324.319,463.101,2.96,1.81,6.04,0.4,0.5,17.,29.4,25.,100.,50.,16.,6.97,12.,3.,43.
0.949,16.1,18.,24.2,13.1,9.2,707.043,1311.706,208.3,6.743,-0.006,324.319,463.101,2.96,1.81,6.04,0.4,0.5,17.,29.4,25.,100.,50.,16.,6.97,12.,3.,94.
0.949,16.1,18.,24.2,13.1,9.2,707.043,1311.706,208.3,6.743,-0.006,324.319,463.101,2.96,1.81,6.04,0.4,0.5,17.,29.4,25.,100.,50.,2.,6.97,12.,3.,99.
0.949,16.1,25.3,18.2,8.8,12.1,954.973,1937.986,208.666,5.897,-0.001,324.319,463.101,2.96,1.81,6.04,0.4,0.5,17.,29.4,25.,100.,50.,16.,6.97,12.,3.,26.
0.949,16.2,24.4,13.,9.2,18.1,640.073,1174.146,208.167,6.212,-0.017,343.25,495.464,2.96,1.89,6.56,0.4,0.5,17.,29.4,25.,50.,50.,16.,6.97,12.,3.,99.
0.856,16.6,11.9,21.2,11.5,21.9,690.403,1291.341,190.115,11.116,-0.051,346.211,497.682,2.96,1.81,5.61,1.,0.00025,17.,29.4,0.0015,105.,6.,20.,2.38,0.1,2.,0.
0.856,16.6,11.9,21.2,11.5,21.9,690.403,1291.341,190.115,11.116,-0.051,346.211,497.682,2.96,1.81,5.61,1.,0.001,17.,29.4,0.006,105.,6.,20.,2.38,0.1,2.,20.
0.949,16.2,24.4,13.,9.2,18.1,640.073,1174.146,208.167,6.212,-0.017,339.94,490.467,2.96,1.83,6.85,0.4,0.5,17.,29.4,25.,50.,50.,16.,6.97,12.,3.,99.
0.949,16.2,24.4,13.,9.2,18.1,640.073,1174.146,208.167,6.212,-0.017,346.802,502.793,2.96,1.87,7.13,0.4,0.5,17.,29.4,25.,50.,50.,16.,6.97,12.,3.,99.
0.946,15.7,20.6,8.5,10.8,22.8,900.236,1713.828,205.741,1.086,-0.061,346.802,502.793,2.96,1.87,7.13,0.4,0.5,17.,29.4,25.,50.,50.,16.,6.97,12.,3.,95.
0.949,16.2,24.4,13.,9.2,18.1,640.073,1174.146,208.167,6.212,-0.017,379.601,565.982,2.96,1.83,6.78,0.4,0.5,17.,29.4,25.,50.,50.,16.,6.97,12.,3.,99.
0.946,15.7,20.6,8.5,10.8,22.8,900.236,1713.828,205.741,1.086,-0.061,379.601,565.982,2.96,1.83,6.78,0.4,0.5,17.,29.4,25.,50.,50.,16.,6.97,12.,3.,91.
0.949,16.2,24.4,13.,9.2,18.1,640.073,1174.146,208.167,6.212,-0.017,346.211,497.682,2.96,1.81,5.61,0.4,0.5,17.,29.4,25.,50.,50.,16.,6.97,12.,3.,99.
0.946,15.7,20.6,8.5,10.8,22.8,900.236,1713.828,205.741,1.086,-0.061,346.211,497.682,2.96,1.81,5.61,0.4,0.5,17.,29.4,25.,50.,50.,16.,6.97,12.,3.,97.
0.949,16.2,24.4,13.,9.2,18.1,640.073,1174.146,208.167,6.212,-0.017,333.7,479.594,2.96,1.81,6.6,0.4,0.5,17.,29.4,25.,100.,50.,16.,6.97,12.,3.,0.
0.949,16.2,24.4,13.,9.2,18.1,640.073,1174.146,208.167,6.212,-0.017,306.85,433.264,2.96,1.81,5.56,0.4,0.5,17.,29.4,25.,100.,50.,16.,6.97,12.,3.,99.
0.946,15.7,20.6,8.5,10.8,22.8,900.236,1713.828,205.741,1.086,-0.061,306.85,433.264,2.96,1.81,5.56,0.4,0.5,17.,29.4,25.,100.,50.,16.,6.97,12.,3.,95.
0.949,16.2,24.4,13.,9.2,18.1,640.073,1174.146,208.167,6.212,-0.017,309.71,435.962,2.96,1.81,5.62,0.4,0.5,17.,29.4,25.,100.,50.,16.,6.97,12.,3.,0.
0.949,16.2,24.4,13.,9.2,18.1,640.073,1174.146,208.167,6.212,-0.017,333.7,479.594,2.96,1.81,6.6,0.4,0.5,17.,29.4,25.,100.,50.,16.,6.97,12.,3.,0.
0.949,16.2,24.4,13.,9.2,18.1,640.073,1174.146,208.167,6.212,-0.017,324.319,463.101,2.96,1.81,6.04,0.4,0.4,17.,29.4,20.,50.,50.,16.,6.97,12.,3.,99.
0.949,16.2,24.4,13.,9.2,18.1,640.073,1174.146,208.167,6.212,-0.017,324.319,463.101,2.96,1.81,6.04,0.4,0.3,17.,29.4,15.,50.,50.,16.,6.97,12.,3.,99.
0.949,16.2,24.4,13.,9.2,18.1,640.073,1174.146,208.167,6.212,-0.017,324.319,463.101,2.96,1.81,6.04,0.4,0.2,17.,29.4,10.,50.,50.,16.,6.97,12.,3.,99.
0.949,16.2,24.4,13.,9.2,18.1,640.073,1174.146,208.167,6.212,-0.017,324.319,463.101,2.96,1.81,6.04,0.4,0.1,17.,29.4,5.,50.,50.,16.,6.97,12.,3.,0.
0.949,16.2,24.4,13.,9.2,18.1,640.073,1174.146,208.167,6.212,-0.017,324.319,463.101,2.96,1.81,6.04,0.4,0.5,17.,29.4,25.,50.,50.,16.,6.97,12.,3.,93.
0.949,16.2,24.4,13.,9.2,18.1,640.073,1174.146,208.167,6.212,-0.017,324.319,463.101,2.96,1.81,6.04,0.4,0.3,17.,29.4,15.,50.,50.,16.,6.97,12.,3.,0.
0.949,16.2,24.4,13.,9.2,18.1,640.073,1174.146,208.167,6.212,-0.017,324.319,463.101,2.96,1.81,6.04,0.4,0.3,17.,29.4,15.,100.,50.,16.,6.97,12.,3.,0.
0.949,16.2,24.4,13.,9.2,18.1,640.073,1174.146,208.167,6.212,-0.017,324.319,463.101,2.96,1.81,6.04,0.4,0.5,17.,29.4,25.,30.,50.,16.,6.97,12.,3.,5.
0.949,16.2,24.4,13.,9.2,18.1,640.073,1174.146,208.167,6.212,-0.017,324.319,463.101,2.96,1.81,6.04,0.4,0.5,17.,29.4,25.,30.,50.,64.,6.97,12.,3.,69.
0.949,16.2,24.4,13.,9.2,18.1,640.073,1174.146,208.167,6.212,-0.017,324.319,463.101,2.96,1.81,6.04,0.4,0.5,17.,29.4,25.,30.,50.,100.,6.97,12.,3.,99.
0.936,17.1,17.4,23.1,18.1,9.7,721.413,1335.209,193.729,6.334,0.281,404.493,628.852,2.95,2.17,7.61,1.,0.5,17.,29.4,1.5,140.,50.,24.,32.7,19.,3.,100.
0.961,12.5,27.3,7.6,6.3,9.,958.176,1960.657,183.26,4.499,-0.09,404.493,628.852,2.95,2.17,7.61,1.,0.5,17.,29.4,1.5,140.,50.,24.,32.7,19.,3.,47.
0.936,17.1,17.4,23.1,18.1,9.7,721.413,1335.209,193.729,6.334,0.281,381.819,571.02,4.39,2.24,5.61,1.,0.5,30.,30.,1.5,150.,60.,60.,32.7,19.,3.,54.
0.797,21.4,16.5,11.9,31.5,25.6,519.451,903.446,204.888,10.747,-0.187,314.071,445.678,2.96,1.81,5.61,20.,0.05,17.,29.4,1.e-7,100.,50.,1.7,7.58,20.,7.,100.
0.902,8.8,12.4,15.6,7.1,0.2,738.299,1467.422,182.062,8.793,-0.146,314.071,445.678,2.96,1.81,5.61,20.,0.05,17.,29.4,1.e-7,40.,50.,17.,7.58,20.,7.,82.
0.902,8.8,12.4,15.6,7.1,0.2,738.299,1467.422,182.062,8.793,-0.146,314.071,445.678,2.96,1.81,5.61,20.,0.05,17.,29.4,1.e-7,60.,50.,2.2,7.58,20.,7.,71.
0.902,8.8,12.4,15.6,7.1,0.2,738.299,1467.422,182.062,8.793,-0.146,314.071,445.678,2.96,1.81,5.61,20.,0.05,17.,29.4,1.e-7,80.,50.,1.2,7.58,20.,7.,88.
0.902,8.8,12.4,15.6,7.1,0.2,738.299,1467.422,182.062,8.793,-0.146,314.071,445.678,2.96,1.81,5.61,20.,0.05,17.,29.4,1.e-7,100.,50.,1.,7.58,20.,7.,99.
0.902,8.8,12.4,15.6,7.1,0.2,738.299,1467.422,182.062,8.793,-0.146,314.071,445.678,2.96,1.81,5.61,20.,0.01,17.,29.4,1.e-7,100.,50.,14.,7.58,20.,7.,100.
0.902,8.8,12.4,15.6,7.1,0.2,738.299,1467.422,182.062,8.793,-0.146,314.071,445.678,2.96,1.81,5.61,20.,0.005,17.,29.4,1.e-7,100.,50.,17.,7.58,20.,7.,90.
0.902,8.8,12.4,15.6,7.1,0.2,738.299,1467.422,182.062,8.793,-0.146,348.849,494.32,2.96,1.89,8.21,20.,0.05,17.,29.4,1.e-7,100.,50.,1.5,7.58,20.,7.,93.
0.902,8.8,12.4,15.6,7.1,0.2,738.299,1467.422,182.062,8.793,-0.146,348.849,494.32,2.96,1.89,8.21,20.,0.01,17.,29.4,1.e-7,100.,50.,18.,7.58,20.,7.,71.
0.902,8.8,12.4,15.6,7.1,0.2,738.299,1467.422,182.062,8.793,-0.146,275.248,386.927,2.96,1.9,3.88,20.,0.05,17.,29.4,1.e-7,100.,50.,5.,7.58,20.,7.,67.
0.902,8.8,12.4,15.6,7.1,0.2,738.299,1467.422,182.062,8.793,-0.146,243.828,318.77,2.96,1.89,4.1,20.,0.05,17.,29.4,1.e-7,100.,50.,5.7,7.58,20.,7.,87.
0.878,12.,12.3,12.2,11.7,11.5,459.732,779.711,204.762,4.171,0.407,337.399,489.458,3.32,2.03,7.24,1.,1.,17.,29.4,1.e-7,50.,1.,2.,7.58,20.,1.,0.
0.878,12.,12.3,12.2,11.7,11.5,459.732,779.711,204.762,4.171,0.407,275.248,386.927,2.96,1.9,3.88,1.,1.,17.,29.4,1.e-7,50.,1.,2.,7.58,20.,1.,0.
0.878,12.,12.3,12.2,11.7,11.5,459.732,779.711,204.762,4.171,0.407,316.834,444.53,2.95,2.39,5.94,1.,1.,17.,29.4,1.e-7,50.,1.,2.,7.58,20.,1.,0.
0.888,8.1,6.,8.,8.8,9.7,489.562,832.791,180.347,9.832,0.313,339.579,500.442,3.57,2.08,7.13,2.,1.,17.,29.4,25.,100.,50.,6.,17.9,19.8,2.,82.
0.888,8.1,6.,8.,8.8,9.7,489.562,832.791,180.347,9.832,0.313,398.366,601.743,3.63,2.06,8.77,2.,1.,17.,29.4,25.,100.,50.,12.,17.9,19.8,2.,81.
0.888,8.1,6.,8.,8.8,9.7,489.562,832.791,180.347,9.832,0.313,387.428,580.079,3.68,2.06,9.04,2.,1.,17.,29.4,25.,100.,50.,18.,17.9,19.8,2.,80.
0.888,8.1,6.,8.,8.8,9.7,489.562,832.791,180.347,9.832,0.313,367.959,549.46,4.78,2.27,7.05,2.,1.,17.,29.4,25.,100.,50.,15.,17.9,19.8,2.,74.
0.888,8.1,6.,8.,8.8,9.7,489.562,832.791,180.347,9.832,0.313,411.169,623.592,6.02,2.28,8.14,2.,1.,17.,29.4,25.,100.,50.,12.,17.9,19.8,2.,83.
0.888,8.1,6.,8.,8.8,9.7,489.562,832.791,180.347,9.832,0.313,501.41,781.621,8.99,2.27,10.51,2.,1.,17.,29.4,25.,100.,50.,15.,17.9,19.8,2.,90.
0.888,8.1,6.,8.,8.8,9.7,489.562,832.791,180.347,9.832,0.313,407.207,618.313,5.75,2.27,8.93,2.,1.,17.,29.4,25.,100.,50.,12.,17.9,19.8,2.,86.
0.888,8.1,6.,8.,8.8,9.7,489.562,832.791,180.347,9.832,0.313,374.868,549.594,4.83,2.04,8.19,2.,1.,17.,29.4,25.,100.,50.,14.,17.9,19.8,2.,73.
0.888,8.1,6.,8.,8.8,9.7,489.562,832.791,180.347,9.832,0.313,360.91,541.119,3.97,2.23,6.86,2.,1.,17.,29.4,25.,100.,50.,12.,17.9,19.8,2.,87.
0.888,8.1,6.,8.,8.8,9.7,489.562,832.791,180.347,9.832,0.313,404.719,616.218,5.25,2.24,8.44,2.,1.,17.,29.4,25.,100.,50.,12.5,17.9,19.8,2.,81.
0.888,8.1,6.,8.,8.8,9.7,489.562,832.791,180.347,9.832,0.313,371.218,558.599,4.01,2.23,7.4,2.,1.,17.,29.4,25.,100.,50.,15.,17.9,19.8,2.,89.
0.923,4.5,4.1,2.7,1.3,10.,606.763,1099.031,194.905,8.468,0.081,292.209,412.164,2.95,1.83,5.42,2.,1.,17.,29.4,25.,100.,50.,5.,17.9,19.8,2.,47.
0.946,2.8,2.7,1.5,1.,6.1,612.373,1123.9,194.99,8.469,0.085,292.209,412.164,2.95,1.83,5.42,2.,1.,17.,29.4,25.,100.,50.,5.,17.9,19.8,2.,41.
0.969,1.5,3.3,1.4,1.,0.4,617.623,1144.367,195.301,8.027,0.107,292.209,412.164,2.95,1.83,5.42,2.,1.,17.,29.4,25.,100.,50.,5.,17.9,19.8,2.,0.
0.888,8.1,6.,8.,8.8,9.7,489.562,832.791,180.347,9.832,0.313,292.209,412.164,2.95,1.83,5.42,2.,1.,17.,29.4,25.,100.,50.,5.,17.9,19.8,2.,89.
0.915,5.3,5.5,5.7,9.9,0.1,459.131,795.273,217.551,8.609,0.373,292.209,412.164,2.95,1.83,5.42,2.,1.,17.,29.4,25.,100.,50.,5.,17.9,19.8,2.,29.
0.919,4.5,4.9,6.,3.2,3.9,463.211,802.687,212.606,9.727,0.371,292.209,412.164,2.95,1.83,5.42,2.,1.,17.,29.4,25.,100.,50.,5.,17.9,19.8,2.,76.
0.896,6.6,5.8,7.7,9.3,3.7,451.891,769.969,214.657,9.275,0.354,292.209,412.164,2.95,1.83,5.42,2.,1.,17.,29.4,25.,100.,50.,5.,17.9,19.8,2.,75.
0.871,8.6,7.4,8.8,9.5,8.8,440.671,738.324,213.933,9.199,0.346,292.209,412.164,2.95,1.83,5.42,2.,1.,17.,29.4,25.,100.,50.,5.,17.9,19.8,2.,69.
0.896,6.8,6.6,7.4,9.4,3.7,498.531,863.448,209.211,9.197,0.32,360.91,541.119,3.97,2.23,6.86,2.,2.,17.,29.4,25.,80.,50.,48.,17.9,19.8,2.,16.
0.895,6.9,6.9,7.4,6.9,6.2,603.113,1077.989,198.772,8.791,0.346,360.91,541.119,3.97,2.23,6.86,2.,2.,17.,29.4,25.,80.,50.,48.,17.9,19.8,2.,11.
0.939,3.4,4.2,6.5,2.4,0.6,626.243,1141.74,201.742,8.037,0.36,360.91,541.119,3.97,2.23,6.86,2.,2.,17.,29.4,25.,80.,50.,48.,17.9,19.8,2.,22.
0.87,8.6,7.5,8.8,9.8,8.5,515.291,881.912,215.102,9.541,0.355,360.91,541.119,3.97,2.23,6.86,2.,2.,17.,29.4,25.,80.,50.,48.,17.9,19.8,2.,32.
0.927,17.9,24.6,10.2,9.,27.9,680.823,1291.32,203.758,0.569,-0.077,314.071,445.678,2.96,1.81,5.61,20.,0.05,15.5,27.9,5.,100.,50.,0.25,7.58,20.,10.,78.
0.927,17.9,24.6,10.2,9.,27.9,680.823,1291.32,203.758,0.569,-0.077,314.071,445.678,2.96,1.81,5.61,20.,0.05,15.5,27.9,5.,100.,50.,1.,7.58,20.,10.,97.
0.927,17.9,24.6,10.2,9.,27.9,680.823,1291.32,203.758,0.569,-0.077,314.071,445.678,2.96,1.81,5.61,20.,0.05,15.5,27.9,1.,100.,50.,1.,7.58,20.,10.,96.
0.927,17.9,24.6,10.2,9.,27.9,680.823,1291.32,203.758,0.569,-0.077,314.071,445.678,2.96,1.81,5.61,20.,0.025,15.5,27.9,5.,100.,50.,1.,7.58,20.,10.,95.
0.927,17.9,24.6,10.2,9.,27.9,680.823,1291.32,203.758,0.569,-0.077,314.071,445.678,2.96,1.81,5.61,20.,0.01,15.5,27.9,5.,100.,50.,4.,7.58,20.,10.,88.
0.927,17.9,24.6,10.2,9.,27.9,680.823,1291.32,203.758,0.569,-0.077,314.071,445.678,2.96,1.81,5.61,20.,0.05,15.5,27.9,5.,100.,30.,1.,7.58,20.,10.,96.
0.927,17.9,24.6,10.2,9.,27.9,680.823,1291.32,203.758,0.569,-0.077,314.071,445.678,2.96,1.81,5.61,20.,0.05,15.5,27.9,5.,100.,10.,4.,7.58,20.,10.,47.
0.927,17.9,24.6,10.2,9.,27.9,680.823,1291.32,203.758,0.569,-0.077,314.071,445.678,2.96,1.81,5.61,20.,0.05,15.5,27.9,5.,60.,50.,2.,7.58,20.,10.,90.
0.927,17.9,24.6,10.2,9.,27.9,680.823,1291.32,203.758,0.569,-0.077,346.211,497.682,2.96,1.81,5.61,20.,0.05,15.5,27.9,5.,100.,50.,1.,7.58,20.,10.,99.
0.927,17.9,24.6,10.2,9.,27.9,680.823,1291.32,203.758,0.569,-0.077,364.941,536.97,2.96,2.54,5.62,20.,0.05,15.5,27.9,5.,100.,50.,1.,7.58,20.,10.,99.
0.927,17.9,24.6,10.2,9.,27.9,680.823,1291.32,203.758,0.569,-0.077,364.941,536.97,2.96,2.54,5.62,20.,0.01,15.5,27.9,5.,100.,50.,4.,7.58,20.,10.,99.
0.927,17.9,24.6,10.2,9.,27.9,680.823,1291.32,203.758,0.569,-0.077,364.941,536.97,2.96,2.54,5.62,20.,0.05,15.5,27.9,5.,100.,10.,4.,7.58,20.,10.,99.
0.927,17.9,24.6,10.2,9.,27.9,680.823,1291.32,203.758,0.569,-0.077,407.421,599.698,2.96,1.81,7.98,20.,0.05,15.5,27.9,5.,100.,50.,1.,7.58,20.,10.,99.
0.927,17.9,24.6,10.2,9.,27.9,680.823,1291.32,203.758,0.569,-0.077,429.832,650.89,2.96,1.84,7.84,20.,0.05,15.5,27.9,5.,100.,50.,1.,7.58,20.,10.,99.
0.927,17.9,24.6,10.2,9.,27.9,680.823,1291.32,203.758,0.569,-0.077,344.85,497.397,3.62,2.15,6.98,20.,0.05,15.5,27.9,5.,100.,50.,2.5,7.58,20.,14.,82.
0.957,16.1,24.8,21.6,8.1,9.7,802.685,1560.552,178.078,1.159,-0.041,344.85,497.397,3.62,2.15,6.98,20.,0.05,15.5,27.9,5.,100.,50.,2.5,7.58,20.,14.,83.
0.927,17.9,24.6,10.2,9.,27.9,680.823,1291.32,203.758,0.569,-0.077,377.66,549.269,3.95,1.88,9.51,20.,0.05,15.5,27.9,5.,100.,50.,2.5,7.58,20.,14.,96.
0.957,16.1,24.8,21.6,8.1,9.7,802.685,1560.552,178.078,1.159,-0.041,377.66,549.269,3.95,1.88,9.51,20.,0.05,15.5,27.9,5.,100.,50.,2.5,7.58,20.,14.,90.
0.927,17.9,24.6,10.2,9.,27.9,680.823,1291.32,203.758,0.569,-0.077,333.759,486.516,2.96,1.99,5.8,20.,0.05,15.5,27.9,5.,100.,50.,2.5,7.58,20.,14.,88.
0.957,16.1,24.8,21.6,8.1,9.7,802.685,1560.552,178.078,1.159,-0.041,333.759,486.516,2.96,1.99,5.8,20.,0.05,15.5,27.9,5.,100.,50.,2.5,7.58,20.,14.,89.
0.927,17.9,24.6,10.2,9.,27.9,680.823,1291.32,203.758,0.569,-0.077,387.949,577.505,7.94,1.83,6.3,20.,0.05,15.5,27.9,5.,100.,50.,2.5,7.58,20.,14.,94.
0.957,16.1,24.8,21.6,8.1,9.7,802.685,1560.552,178.078,1.159,-0.041,387.949,577.505,7.94,1.83,6.3,20.,0.05,15.5,27.9,5.,100.,50.,2.5,7.58,20.,14.,87.
0.927,17.9,24.6,10.2,9.,27.9,680.823,1291.32,203.758,0.569,-0.077,377.638,551.793,2.95,2.1,8.61,20.,0.05,15.5,27.9,5.,100.,50.,4.,2.38,0.1,14.,87.
0.957,16.1,24.8,21.6,8.1,9.7,802.685,1560.552,178.078,1.159,-0.041,377.638,551.793,2.95,2.1,8.61,20.,0.05,15.5,27.9,5.,100.,50.,4.,2.38,0.1,14.,91.
0.927,17.9,24.6,10.2,9.,27.9,680.823,1291.32,203.758,0.569,-0.077,401.218,595.134,2.96,2.33,8.08,20.,0.05,15.5,27.9,5.,100.,50.,4.,2.38,0.1,14.,93.
0.957,16.1,24.8,21.6,8.1,9.7,802.685,1560.552,178.078,1.159,-0.041,401.218,595.134,2.96,2.33,8.08,20.,0.05,15.5,27.9,5.,100.,50.,4.,2.38,0.1,14.,86.
0.962,1.7,2.1,0.8,0.6,3.2,667.97,1272.228,191.354,25.729,0.247,314.071,445.678,2.96,1.81,5.61,11.1,0.67,17.,29.4,0.53,25.,25.,3.,7.58,20.,6.,23.
0.962,1.7,2.1,0.8,0.6,3.2,667.97,1272.228,191.354,25.729,0.247,314.071,445.678,2.96,1.81,5.61,11.1,0.67,17.,29.4,0.53,50.,25.,2.,7.58,20.,6.,78.
0.962,1.7,2.1,0.8,0.6,3.2,667.97,1272.228,191.354,25.729,0.247,299.619,426.17,2.96,2.65,4.38,11.1,0.67,17.,29.4,0.53,50.,25.,4.,7.58,20.,6.,98.
0.962,1.7,2.1,0.8,0.6,3.2,667.97,1272.228,191.354,25.729,0.247,313.219,438.941,2.96,1.96,5.45,11.1,0.67,17.,29.4,0.53,50.,25.,4.,7.58,20.,6.,80.
0.962,1.7,2.1,0.8,0.6,3.2,667.97,1272.228,191.354,25.729,0.247,320.989,461.065,2.98,1.82,5.61,11.1,0.67,17.,29.4,0.53,50.,25.,4.,7.58,20.,6.,6.
0.962,1.7,2.1,0.8,0.6,3.2,667.97,1272.228,191.354,25.729,0.247,392.409,579.481,2.96,1.89,5.61,11.1,0.67,17.,29.4,0.53,50.,25.,4.,7.58,20.,6.,14.
0.962,1.7,2.1,0.8,0.6,3.2,667.97,1272.228,191.354,25.729,0.247,417.029,626.732,7.95,1.94,6.3,11.1,0.67,17.,29.4,0.53,50.,25.,4.,7.58,20.,6.,55.
0.962,1.7,2.1,0.8,0.6,3.2,667.97,1272.228,191.354,25.729,0.247,292.209,412.164,2.95,1.83,5.42,11.1,0.67,17.,29.4,0.53,50.,25.,4.,7.58,20.,6.,96.
0.962,1.7,2.1,0.8,0.6,3.2,667.97,1272.228,191.354,25.729,0.247,285.818,398.97,2.95,2.1,4.91,11.1,0.67,17.,29.4,0.53,25.,25.,4.,7.58,20.,6.,32.
0.962,1.7,2.1,0.8,0.6,3.2,667.97,1272.228,191.354,25.729,0.247,256.718,350.402,2.95,2.13,4.05,11.1,0.67,17.,29.4,0.53,50.,25.,4.,7.58,20.,6.,42.
0.921,19.1,9.5,10.6,27.5,28.7,781.135,1492.849,200.632,0.737,-0.072,232.908,304.854,2.95,2.08,3.08,7.57,0.1,15.5,27.9,2.,100.,50.,6.,7.58,20.,10.,97.
0.921,19.1,9.5,10.6,27.5,28.7,781.135,1492.849,200.632,0.737,-0.072,261.718,354.307,2.95,2.1,3.93,7.57,0.1,15.5,27.9,2.,100.,50.,6.,7.58,20.,10.,85.
0.921,19.1,9.5,10.6,27.5,28.7,781.135,1492.849,200.632,0.737,-0.072,377.638,551.793,2.95,2.1,8.61,7.57,0.1,15.5,27.9,2.,100.,50.,6.,7.58,20.,10.,69.
0.921,19.1,9.5,10.6,27.5,28.7,781.135,1492.849,200.632,0.737,-0.072,255.268,346.73,2.96,2.31,3.27,7.57,0.1,15.5,27.9,2.,100.,50.,6.,7.58,20.,10.,99.
0.921,19.1,9.5,10.6,27.5,28.7,781.135,1492.849,200.632,0.737,-0.072,370.518,544.112,2.96,2.33,7.01,7.57,0.1,15.5,27.9,2.,100.,50.,6.,7.58,20.,10.,99.
0.921,19.1,9.5,10.6,27.5,28.7,781.135,1492.849,200.632,0.737,-0.072,275.248,386.927,2.96,1.9,3.88,7.57,0.1,15.5,27.9,2.,100.,50.,6.,7.58,20.,10.,91.
0.921,19.1,9.5,10.6,27.5,28.7,781.135,1492.849,200.632,0.737,-0.072,314.071,445.678,2.96,1.81,5.61,7.57,0.2,15.5,27.9,4.,100.,50.,6.,7.58,20.,10.,64.
0.921,19.1,9.5,10.6,27.5,28.7,781.135,1492.849,200.632,0.737,-0.072,368.108,541.457,2.96,2.02,7.13,7.57,0.2,15.5,27.9,4.,100.,50.,6.,7.58,20.,10.,92.
0.921,19.1,9.5,10.6,27.5,28.7,781.135,1492.849,200.632,0.737,-0.072,407.97,622.128,2.96,2.3,8.03,7.57,0.2,15.5,27.9,4.,100.,50.,6.,7.58,20.,10.,75.
0.921,19.1,9.5,10.6,27.5,28.7,781.135,1492.849,200.632,0.737,-0.072,364.941,536.97,2.96,2.54,5.62,7.57,0.2,15.5,27.9,4.,100.,50.,6.,7.58,20.,10.,73.
0.921,19.1,9.5,10.6,27.5,28.7,781.135,1492.849,200.632,0.737,-0.072,429.832,650.89,2.96,1.84,7.84,7.57,0.2,15.5,27.9,4.,100.,50.,6.,7.58,20.,10.,98.
0.921,19.1,9.5,10.6,27.5,28.7,781.135,1492.849,200.632,0.737,-0.072,344.85,497.397,3.62,2.15,6.98,7.57,0.2,15.5,27.9,4.,100.,50.,6.,7.58,20.,10.,92.
0.921,19.1,9.5,10.6,27.5,28.7,781.135,1492.849,200.632,0.737,-0.072,377.66,549.269,3.95,1.88,9.51,7.57,0.2,15.5,27.9,4.,100.,50.,6.,7.58,20.,10.,73.
0.921,19.1,9.5,10.6,27.5,28.7,781.135,1492.849,200.632,0.737,-0.072,276.698,371.926,2.95,1.89,5.39,7.57,0.2,15.5,27.9,4.,100.,50.,6.,7.58,20.,10.,99.
0.921,19.1,9.5,10.6,27.5,28.7,781.135,1492.849,200.632,0.737,-0.072,301.808,417.795,2.96,1.9,6.03,7.57,0.2,15.5,27.9,4.,100.,50.,6.,7.58,20.,10.,98.
0.921,19.1,9.5,10.6,27.5,28.7,781.135,1492.849,200.632,0.737,-0.072,348.849,494.32,2.96,1.89,8.21,7.57,0.2,15.5,27.9,4.,100.,50.,6.,7.58,20.,10.,49.
0.921,19.1,9.5,10.6,27.5,28.7,781.135,1492.849,200.632,0.737,-0.072,471.399,698.215,2.96,1.89,13.3,7.57,0.2,15.5,27.9,4.,100.,50.,12.,7.58,20.,10.,60.
0.921,19.1,9.5,10.6,27.5,28.7,781.135,1492.849,200.632,0.737,-0.072,220.887,283.659,2.94,1.87,2.54,7.57,1.,15.9,29.8,20.,120.,50.,6.,7.58,20.,10.,91.
0.921,19.1,9.5,10.6,27.5,28.7,781.135,1492.849,200.632,0.737,-0.072,243.828,318.77,2.96,1.89,4.1,7.57,1.,15.9,29.8,20.,120.,50.,6.,7.58,20.,10.,44.
