212.62,9.532,-0.429,331.715,487.866,2.95,1.96,5.89,4.,54.,159.,1790.,1891.3824,340.0868,289.885,3.658,44.,0.1,15.5,27.9,25.,40.,10.,23.,32.7,19.,8.84,99.
212.62,9.532,-0.429,331.715,487.866,2.95,1.96,5.89,4.,54.,159.,1790.,1891.3824,340.0868,289.885,3.658,44.,0.05,15.5,27.9,25.,40.,10.,23.,32.7,19.,8.84,89.
212.62,9.532,-0.429,331.715,487.866,2.95,1.96,5.89,4.,54.,159.,1790.,1891.3824,340.0868,289.885,3.658,44.,0.045,15.5,27.9,25.,40.,10.,23.,32.7,19.,8.84,65.
212.62,9.532,-0.429,331.715,487.866,2.95,1.96,5.89,4.,54.,159.,1790.,1891.3824,340.0868,289.885,3.658,44.,0.05,15.5,27.9,25.,20.,10.,23.,32.7,19.,8.84,17.
212.62,9.532,-0.429,331.715,487.866,2.95,1.96,5.89,4.,54.,159.,1790.,1891.3824,340.0868,289.885,3.658,44.,0.05,15.5,27.9,25.,60.,10.,23.,32.7,19.,8.84,97.
212.62,9.532,-0.429,331.715,487.866,2.95,1.96,5.89,4.,54.,159.,1790.,1891.3824,340.0868,289.885,3.658,44.,0.025,15.5,27.9,25.,60.,10.,23.,32.7,19.,8.84,89.
212.62,9.532,-0.429,331.715,487.866,2.95,1.96,5.89,4.,54.,159.,1790.,1891.3824,340.0868,289.885,3.658,44.,0.0125,15.5,27.9,25.,60.,10.,23.,32.7,19.,8.84,74.
212.62,9.532,-0.429,331.715,487.866,2.95,1.96,5.89,4.,54.,159.,1790.,1891.3824,340.0868,289.885,3.658,44.,0.005,15.5,27.9,25.,60.,10.,23.,32.7,19.,8.84,46.
212.62,9.532,-0.429,331.715,487.866,2.95,1.96,5.89,4.,54.,159.,1790.,1891.3824,340.0868,289.885,3.658,44.,0.0125,15.5,27.9,25.,80.,10.,23.,32.7,19.,8.84,66.
212.62,9.532,-0.429,331.715,487.866,2.95,1.96,5.89,4.,54.,159.,1790.,1891.3824,340.0868,289.885,3.658,44.,0.005,15.5,27.9,25.,60.,10.,23.,17.9,19.8,8.84,36.
212.62,9.532,-0.429,532.919,800.948,2.96,1.89,15.84,3.6,51.,154.,1750.,1847.199,322.6113,301.611,2.143,7.9,0.4,15.5,27.9,0.8,100.,20.7,24.,7.58,20.,4.,24.
212.62,9.532,-0.429,532.919,800.948,2.96,1.89,15.84,3.6,51.,154.,1750.,1847.199,322.6113,301.611,2.143,7.9,1.1,15.5,27.9,2.2,135.,51.7,3.,3.86,16.,1.9,88.
212.62,9.532,-0.429,532.919,800.948,2.96,1.89,15.84,3.6,51.,154.,1750.,1847.199,322.6113,301.611,2.143,7.9,1.1,15.5,27.9,2.2,135.,51.7,3.,3.86,16.,1.9,98.
212.62,9.532,-0.429,532.919,800.948,2.96,1.89,15.84,3.6,51.,154.,1750.,1847.199,322.6113,301.611,2.143,7.9,1.1,15.5,27.9,2.2,135.,51.7,20.,3.86,16.,1.9,98.
212.62,9.532,-0.429,532.919,800.948,2.96,1.89,15.84,3.6,51.,154.,1750.,1847.199,322.6113,301.611,2.143,7.9,1.,15.5,27.9,2.,135.,51.7,3.,3.86,16.,1.9,98.
212.62,9.532,-0.429,532.919,800.948,2.96,1.89,15.84,3.6,51.,154.,1750.,1847.199,322.6113,301.611,2.143,7.9,1.,15.5,27.9,2.,135.,51.7,1.,3.86,16.,1.9,98.
212.62,9.532,-0.429,532.919,800.948,2.96,1.89,15.84,3.6,51.,154.,1750.,1847.199,322.6113,301.611,2.143,7.9,0.9,15.5,27.9,1.8,135.,51.7,0.25,3.86,16.,1.9,98.
212.62,9.532,-0.429,532.919,800.948,2.96,1.89,15.84,3.6,51.,154.,1750.,1847.199,322.6113,301.611,2.143,7.9,0.5,15.5,27.9,1.,135.,51.7,1.,3.86,16.,1.9,97.
212.62,9.532,-0.429,532.919,800.948,2.96,1.89,15.84,3.6,51.,154.,1750.,1847.199,322.6113,301.611,2.143,7.9,0.5,15.5,27.9,1.,135.,51.7,2.,3.86,16.,1.9,98.
212.62,9.532,-0.429,532.919,800.948,2.96,1.89,15.84,3.6,51.,154.,1750.,1847.199,322.6113,301.611,2.143,7.9,0.3,15.5,27.9,0.6,135.,51.7,21.,3.86,16.,1.9,98.
212.62,9.532,-0.429,314.071,445.678,2.96,1.81,5.61,3.19,52.,167.,1728.,1827.3268,376.0605,235.906,2.525,200.,0.1,15.5,27.9,10.,100.,50.,16.,32.7,19.,160.,98.
212.62,9.532,-0.429,532.919,800.948,2.96,1.89,15.84,3.6,51.,154.,1750.,1847.199,322.6113,301.611,2.143,200.,0.1,15.5,27.9,10.,100.,50.,16.,32.7,19.,160.,98.
212.62,9.532,-0.429,340.357,480.328,2.96,1.91,7.87,3.72,51.8,172.7,1731.,1843.8423,652.6806,298.046,0.333,200.,0.1,15.5,27.9,10.,100.,50.,16.,32.7,19.,160.,100.
212.62,9.532,-0.429,386.95,570.968,2.96,1.74,6.95,3.77,51.6,170.5,1755.,1854.0254,333.9875,249.198,1.935,200.,0.1,15.5,27.9,10.,100.,50.,16.,32.7,19.,160.,100.
212.62,9.532,-0.429,408.519,608.002,2.96,2.69,4.13,3.77,51.6,171.7,1730.,1851.0691,323.3113,262.423,1.926,200.,0.1,15.5,27.9,10.,100.,50.,16.,32.7,19.,160.,100.
212.62,9.532,-0.429,310.968,425.741,2.96,1.88,7.7,3.69,50.75,171.41,1736.,1856.3853,362.1905,289.61,3.828,10.,0.01,15.5,27.9,10.,100.,50.,16.,32.7,19.,8.,11.
212.62,9.532,-0.429,336.489,476.324,2.96,1.96,7.79,3.67,50.9,173.,1741.,1852.8273,360.3796,260.979,2.965,10.,0.01,15.5,27.9,10.,100.,50.,16.,32.7,19.,8.,10.
212.62,9.532,-0.429,364.941,536.97,2.96,2.54,5.62,5.26,68.4,166.1,1712.,1813.2092,360.2351,236.243,2.461,10.,0.01,15.5,27.9,10.,100.,50.,16.,32.7,19.,8.,98.
212.62,9.532,-0.429,269.518,363.379,2.97,1.94,5.45,3.79,54.6,179.8,1744.,1818.1399,365.3128,298.005,2.545,10.,0.01,15.5,27.9,5.,80.,50.,16.,32.7,19.,5.5,99.
212.62,9.532,-0.429,269.518,363.379,2.97,1.94,5.45,3.79,54.6,179.8,1744.,1818.1399,365.3128,298.005,2.545,10.,0.1,15.5,27.9,5.,40.,50.,16.,32.7,19.,5.5,98.
212.62,9.532,-0.429,269.518,363.379,2.97,1.94,5.45,3.79,54.6,179.8,1744.,1818.1399,365.3128,298.005,2.545,48.,0.025,15.5,27.9,9.6,30.,50.,24.,32.7,19.,5.,87.
200.912,3.115,-0.03,314.071,445.678,2.96,1.81,5.61,3.19,52.,167.,1728.,1827.3268,376.0605,235.906,2.525,20.,0.025,15.5,27.9,5.,40.,50.,16.,7.58,20.,10.,98.
200.912,3.115,-0.03,261.139,344.828,2.96,1.88,5.45,4.02,60.17,170.82,1742.6,1849.3184,360.721,302.077,2.474,20.,0.005,15.9,29.8,1.,40.,50.,16.,6.02,17.1,2.,100.
200.912,3.115,-0.03,348.849,494.32,2.96,1.89,8.21,3.695,51.3741,174.38,1738.,1847.4158,325.1793,302.196,2.149,20.,0.005,15.5,27.9,5.,40.,50.,16.,7.58,20.,10.,94.
200.912,3.115,-0.03,276.698,371.926,2.95,1.89,5.39,3.7,51.9,170.69,1754.,1879.6086,355.2715,291.172,3.619,20.,0.025,17.,29.4,1.,40.,50.,16.,7.58,20.,10.,100.
200.912,3.115,-0.03,268.708,364.512,2.96,1.77,4.15,3.8,52.55,176.19,1740.,1860.5492,290.3223,288.4,2.635,20.,0.05,15.5,27.9,10.,40.,50.,16.,7.58,20.,10.,98.
202.281,10.684,-0.432,346.211,497.682,2.96,1.81,5.61,4.38,60.9,166.6,1714.,1820.1283,378.1701,236.029,2.606,2.,1.,17.,29.4,1.,115.,5.3,16.,2.25,14.3,2.,7.
202.281,10.684,-0.432,346.211,497.682,2.96,1.81,5.61,4.38,60.9,166.6,1714.,1820.1283,378.1701,236.029,2.606,2.,1.,17.,29.4,1.,140.,5.3,16.,2.25,14.3,2.,11.5
201.102,11.777,-0.203,346.211,497.682,2.96,1.81,5.61,4.38,60.9,166.6,1714.,1820.1283,378.1701,236.029,2.606,2.,1.,17.,29.4,1.,115.,5.3,4.,2.25,14.3,2.,96.
201.102,11.777,-0.203,504.569,750.973,2.96,1.88,10.51,4.15,64.32,174.81,1735.,1841.4396,333.9707,299.404,2.306,2.,1.,17.,29.4,1.,115.,5.3,5.,2.25,14.3,2.,82.2
201.102,11.777,-0.203,429.832,650.89,2.96,1.84,7.84,5.45,66.6,166.3,1714.,1824.2415,403.5738,226.031,2.484,2.,1.,17.,29.4,1.,115.,5.3,7.,2.25,14.3,2.,98.
201.102,11.777,-0.203,314.071,445.678,2.96,1.81,5.61,3.19,52.,167.,1728.,1827.3268,376.0605,235.906,2.525,2.,1.,17.,29.4,1.,115.,5.3,4.,2.25,14.3,2.,97.
201.102,11.777,-0.203,320.899,444.951,2.96,1.89,5.67,4.07,60.1,173.8,1738.,1841.3933,338.3544,299.9,2.301,2.,1.,17.,29.4,1.,115.,5.3,4.,2.25,14.3,2.,98.
201.102,11.777,-0.203,261.139,344.828,2.96,1.88,5.45,4.02,60.17,170.82,1742.6,1849.3184,360.721,302.077,2.474,2.,1.,17.,29.4,1.,115.,5.3,12.,2.25,14.3,2.,85.6
201.102,11.777,-0.203,392.199,579.266,2.96,1.89,8.97,3.9187,52.477,166.3276,1715.,1826.9884,752.5451,223.473,0.,2.,1.,17.,29.4,1.,115.,5.3,5.,2.25,14.3,2.,97.
202.576,11.914,-0.203,504.569,750.973,2.96,1.88,10.51,4.15,64.32,174.81,1735.,1841.4396,333.9707,299.404,2.306,1.,0.5,17.,29.4,1.1,24.,5.,24.,7.58,20.,1.,99.
202.576,11.914,-0.203,348.849,494.32,2.96,1.89,8.21,3.695,51.3741,174.38,1738.,1847.4158,325.1793,302.196,2.149,1.,0.5,17.,29.4,1.1,24.,5.,24.,7.58,20.,1.,99.
202.576,11.914,-0.203,458.979,692.511,3.3,2.4,8.22,4.68,72.4,173.5,1731.,1834.8116,325.311,295.434,2.3,1.,0.5,17.,29.4,1.1,24.,5.,24.,7.58,20.,1.,98.
202.576,11.914,-0.203,275.248,386.927,2.96,1.9,3.88,4.22,69.4,176.3,1726.,1855.3221,515.7665,291.215,6.033,1.,0.5,17.,29.4,1.1,24.,5.,24.,7.58,20.,1.,98.
203.264,11.838,-0.214,337.399,489.458,3.32,2.03,7.24,4.73,72.69,170.64,1742.,1843.702,351.6731,297.231,2.479,1.,0.5,17.,29.4,5.,24.,5.,24.,7.58,20.,1.,93.
202.576,11.914,-0.203,316.834,444.53,2.95,2.39,5.94,4.67,76.6,158.,1819.,1913.9019,311.3006,298.587,1.764,1.,0.5,17.,29.4,1.1,24.,5.,32.,7.58,20.,1.,74.
202.576,11.914,-0.203,429.832,650.89,2.96,1.84,7.84,5.45,66.6,166.3,1714.,1824.2415,403.5738,226.031,2.484,1.,0.5,17.,29.4,1.1,24.,5.,24.,7.58,20.,1.,75.
202.576,11.914,-0.203,406.8,598.403,2.96,1.88,8.16,4.13,60.4,172.9,1728.,1841.8956,335.9742,247.174,2.283,1.,0.5,17.,29.4,5.,24.,5.,24.,7.58,20.,1.,91.
202.576,11.914,-0.203,346.211,497.682,2.96,1.81,5.61,4.38,60.9,166.6,1714.,1820.1283,378.1701,236.029,2.606,1.,0.5,17.,29.4,5.,24.,5.,48.,7.58,20.,1.,83.
187.854,11.25,-0.071,346.211,497.682,2.96,1.81,5.61,4.38,60.9,166.6,1714.,1820.1283,378.1701,236.029,2.606,1.,1.,17.,29.4,8.,105.,5.3,2.,2.38,0.1,2.,97.7
187.854,11.25,-0.071,377.91,549.943,3.64,2.19,6.97,4.13,61.3,171.2,1738.,1846.1294,311.1534,250.646,2.575,1.,1.,17.,29.4,8.,105.,5.3,2.,2.38,0.1,2.,99.7
187.854,11.25,-0.071,227.739,292.038,2.96,1.88,4.16,3.66,51.6,170.2,1750.,1855.5272,352.5181,303.146,2.329,1.,1.,17.,29.4,8.,105.,5.3,2.,2.38,0.1,2.,96.
187.854,11.25,-0.071,261.139,344.828,2.96,1.88,5.45,4.02,60.17,170.82,1742.6,1849.3184,360.721,302.077,2.474,1.,1.,17.,29.4,8.,105.,5.3,2.,2.38,0.1,2.,99.
187.854,11.25,-0.071,348.21,500.134,2.96,1.87,7.93,2.09,66.1,170.2,1736.,1855.4891,371.1808,248.539,2.084,1.,1.,17.,29.4,8.,105.,5.3,3.,2.38,0.1,2.,90.
187.854,11.25,-0.071,401.678,580.75,2.96,1.95,7.58,4.01,61.3,173.1,1725.,1841.14,428.4818,293.822,4.558,1.,1.,17.,29.4,8.,105.,5.3,2.,2.38,0.1,2.,99.
183.314,6.622,-0.378,314.071,445.678,2.96,1.81,5.61,3.19,52.,167.,1728.,1827.3268,376.0605,235.906,2.525,20.,0.05,17.,29.4,0.,120.,50.,24.,7.58,20.,50.,2.
183.314,6.622,-0.378,314.071,445.678,2.96,1.81,5.61,3.19,52.,167.,1728.,1827.3268,376.0605,235.906,2.525,20.,0.05,17.,29.4,10.,120.,50.,24.,7.58,20.,50.,35.
183.314,6.622,-0.378,314.071,445.678,2.96,1.81,5.61,3.19,52.,167.,1728.,1827.3268,376.0605,235.906,2.525,10.,2.,17.,29.4,10.,140.,50.,36.,7.58,20.,50.,98.
183.314,6.622,-0.378,314.071,445.678,2.96,1.81,5.61,3.19,52.,167.,1728.,1827.3268,376.0605,235.906,2.525,20.,0.05,30.,30.,5.,120.,50.,4.,7.58,20.,50.,99.
214.158,18.499,-0.22,314.071,445.678,2.96,1.81,5.61,3.19,52.,167.,1728.,1827.3268,376.0605,235.906,2.525,20.,0.05,17.,29.4,0.,120.,50.,24.,7.58,20.,50.,36.
214.158,18.499,-0.22,314.071,445.678,2.96,1.81,5.61,3.19,52.,167.,1728.,1827.3268,376.0605,235.906,2.525,20.,0.05,17.,29.4,10.,120.,50.,24.,7.58,20.,50.,39.
214.158,18.499,-0.22,314.071,445.678,2.96,1.81,5.61,3.19,52.,167.,1728.,1827.3268,376.0605,235.906,2.525,20.,0.05,30.,30.,5.,120.,50.,3.5,7.58,20.,50.,99.
183.314,6.622,-0.378,314.071,445.678,2.96,1.81,5.61,3.19,52.,167.,1728.,1827.3268,376.0605,235.906,2.525,20.,0.05,30.,30.,1.,120.,50.,12.,7.58,20.,50.,25.
183.314,6.622,-0.378,314.071,445.678,2.96,1.81,5.61,3.19,52.,167.,1728.,1827.3268,376.0605,235.906,2.525,20.,0.05,30.,30.,2.5,120.,50.,12.,7.58,20.,50.,56.
183.314,6.622,-0.378,314.071,445.678,2.96,1.81,5.61,3.19,52.,167.,1728.,1827.3268,376.0605,235.906,2.525,20.,0.05,30.,30.,5.,120.,50.,4.,7.58,20.,50.,99.
183.314,6.622,-0.378,314.071,445.678,2.96,1.81,5.61,3.19,52.,167.,1728.,1827.3268,376.0605,235.906,2.525,20.,0.05,30.,30.,10.,120.,50.,3.5,7.58,20.,50.,99.
183.314,6.622,-0.378,314.071,445.678,2.96,1.81,5.61,3.19,52.,167.,1728.,1827.3268,376.0605,235.906,2.525,20.,0.05,30.,30.,5.,120.,50.,4.,7.58,20.,50.,95.
183.314,6.622,-0.378,314.071,445.678,2.96,1.81,5.61,3.19,52.,167.,1728.,1827.3268,376.0605,235.906,2.525,20.,0.05,30.,30.,5.,120.,50.,12.,7.58,20.,50.,95.
183.314,6.622,-0.378,346.211,497.682,2.96,1.81,5.61,4.38,60.9,166.6,1714.,1820.1283,378.1701,236.029,2.606,20.,0.05,30.,30.,5.,120.,50.,12.,7.58,20.,50.,94.
183.314,6.622,-0.378,407.421,599.698,2.96,1.81,7.98,4.3,64.5,165.9,1720.,1820.594,377.1601,236.019,2.608,20.,0.05,30.,30.,5.,120.,50.,12.,7.58,20.,50.,94.
183.314,6.622,-0.378,429.832,650.89,2.96,1.84,7.84,5.45,66.6,166.3,1714.,1824.2415,403.5738,226.031,2.484,20.,0.05,30.,30.,5.,120.,50.,12.,7.58,20.,50.,85.
183.314,6.622,-0.378,320.43,458.869,2.96,1.81,5.61,3.9,51.5,165.9,1733.,1836.3874,439.648,230.114,4.17,20.,0.05,30.,30.,5.,120.,50.,18.,7.58,20.,50.,60.
183.314,6.622,-0.378,356.649,529.719,3.64,2.28,5.62,3.9,51.5,168.,1735.,1841.1478,364.1362,237.142,5.529,20.,0.0125,30.,30.,5.,120.,50.,16.,7.58,20.,50.,95.
183.314,6.622,-0.378,356.649,529.719,3.64,2.28,5.62,3.9,51.5,168.,1735.,1841.1478,364.1362,237.142,5.529,20.,0.005,30.,30.,5.,120.,50.,28.,7.58,20.,50.,82.
183.314,6.622,-0.378,333.64,484.173,3.28,2.17,5.59,3.92,51.5,164.6,1722.,1842.8329,362.0671,227.549,4.288,20.,0.05,30.,30.,5.,120.,50.,12.,7.58,20.,50.,85.
183.314,6.622,-0.378,333.64,484.173,3.28,2.17,5.59,3.92,51.5,164.6,1722.,1842.8329,362.0671,227.549,4.288,20.,0.0125,30.,30.,5.,120.,50.,24.,7.58,20.,50.,60.
183.314,6.622,-0.378,340.172,496.129,3.51,2.2,5.59,3.9,51.5,165.9,1728.,1841.5061,334.045,225.126,4.298,20.,0.05,30.,30.,5.,120.,50.,12.,7.58,20.,50.,85.
183.314,6.622,-0.378,340.172,496.129,3.51,2.2,5.59,3.9,51.5,165.9,1728.,1841.5061,334.045,225.126,4.298,20.,0.0125,30.,30.,5.,120.,50.,24.,7.58,20.,50.,56.
183.314,6.622,-0.378,348.502,512.636,3.98,2.15,5.6,3.9,51.9,166.,1728.,1833.585,339.5173,217.817,3.887,20.,0.05,30.,30.,5.,120.,50.,12.,7.58,20.,50.,76.
183.314,6.622,-0.378,323.939,462.691,2.96,1.81,6.15,3.89,51.5,165.9,1737.,1828.5222,363.4846,229.307,3.834,20.,0.05,30.,30.,5.,120.,50.,12.,7.58,20.,50.,93.
183.314,6.622,-0.378,323.939,462.691,2.96,1.81,6.15,3.89,51.5,165.9,1737.,1828.5222,363.4846,229.307,3.834,20.,0.005,30.,30.,5.,120.,50.,24.,7.58,20.,50.,72.
183.314,6.622,-0.378,367.838,541.205,2.96,2.03,7.36,3.89,51.6,166.,1726.,1830.6988,360.5828,237.632,5.272,20.,0.05,30.,30.,5.,120.,50.,5.,7.58,20.,50.,94.
183.314,6.622,-0.378,367.838,541.205,2.96,2.03,7.36,3.89,51.6,166.,1726.,1830.6988,360.5828,237.632,5.272,20.,0.005,30.,30.,5.,120.,50.,18.,7.58,20.,50.,92.
183.314,6.622,-0.378,367.838,541.205,2.96,2.03,7.36,3.89,51.6,166.,1726.,1830.6988,360.5828,237.632,5.272,20.,0.001,30.,30.,5.,120.,50.,30.,7.58,20.,50.,42.
183.314,6.622,-0.378,339.89,490.556,2.96,1.84,6.97,3.89,51.5,165.9,1728.,1829.9825,349.5951,226.107,4.141,20.,0.05,30.,30.,5.,120.,50.,8.,7.58,20.,50.,90.
183.314,6.622,-0.378,339.89,490.556,2.96,1.84,6.97,3.89,51.5,165.9,1728.,1829.9825,349.5951,226.107,4.141,20.,0.00625,30.,30.,5.,120.,50.,24.,7.58,20.,50.,88.
183.314,6.622,-0.378,346.632,502.603,2.96,1.87,7.26,3.89,51.5,164.9,1722.,1829.2651,344.112,223.608,4.212,20.,0.05,30.,30.,5.,120.,50.,8.,7.58,20.,50.,93.
183.314,6.622,-0.378,346.632,502.603,2.96,1.87,7.26,3.89,51.5,164.9,1722.,1829.2651,344.112,223.608,4.212,20.,0.005,30.,30.,5.,120.,50.,24.,7.58,20.,50.,85.
183.314,6.622,-0.378,324.319,463.101,2.96,1.81,6.04,3.89,51.5,165.9,1721.,1825.8925,386.5909,234.269,2.25,20.,0.05,30.,30.,5.,120.,50.,12.,7.58,20.,50.,91.
183.314,6.622,-0.378,324.319,463.101,2.96,1.81,6.04,3.89,51.5,165.9,1721.,1825.8925,386.5909,234.269,2.25,20.,0.005,30.,30.,5.,120.,50.,24.,7.58,20.,50.,71.
183.314,6.622,-0.378,368.108,541.457,2.96,2.02,7.13,3.89,51.5,165.8,1730.,1830.304,357.2876,233.288,3.338,20.,0.05,30.,30.,5.,120.,50.,4.,7.58,20.,50.,95.
183.314,6.622,-0.378,368.108,541.457,2.96,2.02,7.13,3.89,51.5,165.8,1730.,1830.304,357.2876,233.288,3.338,20.,0.005,30.,30.,5.,120.,50.,18.,7.58,20.,50.,92.
183.314,6.622,-0.378,368.108,541.457,2.96,2.02,7.13,3.89,51.5,165.8,1730.,1830.304,357.2876,233.288,3.338,200.,0.001,30.,30.,10.,140.,50.,30.,7.58,20.,50.,51.
183.314,6.622,-0.378,339.94,490.467,2.96,1.83,6.85,3.89,51.5,165.9,1720.,1826.0753,392.2011,226.467,2.398,20.,0.05,30.,30.,5.,120.,50.,8.,7.58,20.,50.,90.
183.314,6.622,-0.378,339.94,490.467,2.96,1.83,6.85,3.89,51.5,165.9,1720.,1826.0753,392.2011,226.467,2.398,20.,0.00625,30.,30.,5.,120.,50.,24.,7.58,20.,50.,86.
183.314,6.622,-0.378,346.802,502.793,2.96,1.87,7.13,3.89,51.5,165.9,1716.,1826.8125,393.0344,223.596,2.435,20.,0.05,30.,30.,5.,120.,50.,8.,7.58,20.,50.,94.
183.314,6.622,-0.378,346.802,502.793,2.96,1.87,7.13,3.89,51.5,165.9,1716.,1826.8125,393.0344,223.596,2.435,20.,0.005,30.,30.,5.,120.,50.,24.,7.58,20.,50.,86.
183.314,6.622,-0.378,357.36,519.868,2.96,1.89,6.81,3.89,51.5,165.9,1711.,1818.1342,433.3005,221.332,4.586,20.,0.1,30.,30.,5.,120.,50.,24.,7.58,20.,50.,70.
183.314,6.622,-0.378,343.25,495.464,2.96,1.89,6.56,3.89,51.5,165.9,1735.,1822.7682,404.6528,228.821,2.936,20.,0.05,30.,30.,5.,120.,50.,24.,7.58,20.,50.,50.
183.314,6.622,-0.378,381.819,571.02,4.39,2.24,5.61,3.9,51.5,168.,1733.,1823.2737,411.4831,233.309,4.422,20.,0.1,30.,30.,5.,120.,50.,24.,7.58,20.,50.,30.
183.314,6.622,-0.378,333.169,479.095,2.96,1.82,6.04,3.89,51.5,165.9,1720.,1829.1104,351.4905,231.208,1.629,20.,0.0125,30.,30.,5.,120.,50.,24.,7.58,20.,50.,50.
183.314,6.622,-0.378,355.766,523.559,2.96,2.29,6.16,3.9,51.5,162.1,1742.,1843.4738,415.0102,231.332,2.531,20.,0.0125,30.,30.,5.,120.,50.,12.,7.58,20.,50.,65.
196.499,3.48,-0.074,314.071,445.678,2.96,1.81,5.61,3.19,52.,167.,1728.,1827.3268,376.0605,235.906,2.525,10.,0.0002,17.,29.4,2.5,80.,50.,5.,7.58,20.,4.,98.
196.499,3.48,-0.074,364.941,536.97,2.96,2.54,5.62,5.26,68.4,166.1,1712.,1813.2092,360.2351,236.243,2.461,10.,0.0003333333333333333,17.,29.4,2.5,80.,50.,5.,7.58,20.,4.,99.
196.499,3.48,-0.074,429.832,650.89,2.96,1.84,7.84,5.45,66.6,166.3,1714.,1824.2415,403.5738,226.031,2.484,10.,0.00025,17.,29.4,2.5,80.,50.,5.,7.58,20.,4.,99.
196.499,3.48,-0.074,344.85,497.397,3.62,2.15,6.98,3.66,51.9,173.8,1739.,1851.7569,301.1091,250.737,2.369,10.,0.0005,17.,29.4,2.5,80.,50.,5.,7.58,20.,4.,99.
196.499,3.48,-0.074,357.36,519.868,2.96,1.89,6.81,3.89,51.5,165.9,1711.,1818.1342,433.3005,221.332,4.586,10.,0.0002,17.,29.4,2.5,80.,50.,5.,7.58,20.,4.,99.
196.499,3.48,-0.074,339.94,490.467,2.96,1.83,6.85,3.89,51.5,165.9,1720.,1826.0753,392.2011,226.467,2.398,10.,0.0002,17.,29.4,2.5,80.,50.,5.,7.58,20.,4.,80.
196.499,3.48,-0.074,261.139,344.828,2.96,1.88,5.45,4.02,60.17,170.82,1742.6,1849.3184,360.721,302.077,2.474,10.,0.0001,17.,29.4,2.5,80.,50.,5.,7.58,20.,4.,90.
196.499,3.48,-0.074,348.849,494.32,2.96,1.89,8.21,3.695,51.3741,174.38,1738.,1847.4158,325.1793,302.196,2.149,10.,0.0003333333333333333,17.,29.4,2.5,80.,50.,5.,7.58,20.,4.,96.
196.499,3.48,-0.074,275.248,386.927,2.96,1.9,3.88,4.22,69.4,176.3,1726.,1855.3221,515.7665,291.215,6.033,5.,0.002,17.,29.4,2.5,80.,50.,5.,2.38,0.1,2.5,82.
196.499,3.48,-0.074,340.357,480.328,2.96,1.91,7.87,3.72,51.8,172.7,1731.,1843.8423,652.6806,298.046,0.333,5.,0.001,17.,29.4,2.5,80.,50.,5.,7.58,20.,2.5,84.
196.499,3.48,-0.074,381.819,571.02,4.39,2.24,5.61,3.9,51.5,168.,1733.,1823.2737,411.4831,233.309,4.422,5.,0.005,17.,29.4,2.5,80.,50.,5.,7.58,20.,2.5,96.
196.499,3.48,-0.074,392.199,579.266,2.96,1.89,8.97,3.9187,52.477,166.3276,1715.,1826.9884,752.5451,223.473,0.,5.,0.001,17.,29.4,2.5,80.,50.,5.,7.58,20.,2.5,92.
196.499,3.48,-0.074,268.708,364.512,2.96,1.77,4.15,3.8,52.55,176.19,1740.,1860.5492,290.3223,288.4,2.635,5.,0.0025,17.,29.4,2.5,80.,50.,5.,7.58,20.,2.5,92.
196.499,3.48,-0.074,532.949,800.71,2.96,1.89,15.84,3.61,51.9,173.1,1743.,1847.1929,322.6082,301.608,2.143,5.,0.00016666666666666666,17.,29.4,2.5,80.,50.,5.,7.58,20.,2.5,97.
196.499,3.48,-0.074,589.388,898.817,2.95,1.88,18.44,3.61,51.9,173.1,1741.,1870.0044,471.4875,296.408,5.427,5.,0.0001,17.,29.4,2.5,80.,50.,5.,7.58,20.,2.5,99.
196.499,3.48,-0.074,649.578,999.458,2.96,1.88,20.95,3.61,51.9,173.1,1740.,1857.6637,451.2405,296.947,5.465,5.,0.0001,17.,29.4,2.5,80.,50.,5.,7.58,20.,2.5,88.
168.152,16.749,0.23,314.071,445.678,2.96,1.81,5.61,3.19,52.,167.,1728.,1827.3268,376.0605,235.906,2.525,5.,0.02,15.5,27.9,10.,100.,50.,16.,2.38,0.1,3.,40.
167.983,4.324,0.232,314.071,445.678,2.96,1.81,5.61,3.19,52.,167.,1728.,1827.3268,376.0605,235.906,2.525,5.,0.02,15.5,27.9,10.,100.,50.,16.,2.38,0.1,3.,99.
167.983,4.324,0.232,314.071,445.678,2.96,1.81,5.61,3.19,52.,167.,1728.,1827.3268,376.0605,235.906,2.525,5.,0.01,15.5,27.9,10.,100.,50.,16.,2.38,0.1,3.,65.
167.983,4.324,0.232,314.071,445.678,2.96,1.81,5.61,3.19,52.,167.,1728.,1827.3268,376.0605,235.906,2.525,5.,0.01,15.5,27.9,5.,100.,50.,16.,2.38,0.1,3.,94.
167.983,4.324,0.232,314.071,445.678,2.96,1.81,5.61,3.19,52.,167.,1728.,1827.3268,376.0605,235.906,2.525,5.,0.01,15.9,29.8,5.,100.,50.,16.,2.38,0.1,3.,98.
167.983,4.324,0.232,314.071,445.678,2.96,1.81,5.61,3.19,52.,167.,1728.,1827.3268,376.0605,235.906,2.525,5.,0.01,17.,29.4,5.,100.,50.,16.,2.38,0.1,3.,8.
167.983,4.324,0.232,314.071,445.678,2.96,1.81,5.61,3.19,52.,167.,1728.,1827.3268,376.0605,235.906,2.525,5.,0.01,15.9,29.8,5.,100.,50.,16.,32.7,19.,3.,8.
167.983,4.324,0.232,314.071,445.678,2.96,1.81,5.61,3.19,52.,167.,1728.,1827.3268,376.0605,235.906,2.525,5.,0.01,15.9,29.8,5.,100.,50.,16.,24.5,19.2,3.,31.
167.983,4.324,0.232,314.071,445.678,2.96,1.81,5.61,3.19,52.,167.,1728.,1827.3268,376.0605,235.906,2.525,5.,0.01,15.9,29.8,5.,100.,50.,16.,17.9,19.8,3.,26.
167.983,4.324,0.232,314.071,445.678,2.96,1.81,5.61,3.19,52.,167.,1728.,1827.3268,376.0605,235.906,2.525,5.,0.01,15.9,29.8,5.,100.,50.,16.,7.58,20.,3.,16.
167.983,4.324,0.232,314.071,445.678,2.96,1.81,5.61,3.19,52.,167.,1728.,1827.3268,376.0605,235.906,2.525,5.,0.01,15.9,29.8,5.,100.,50.,16.,2.25,14.3,3.,14.
167.983,4.324,0.232,314.071,445.678,2.96,1.81,5.61,3.19,52.,167.,1728.,1827.3268,376.0605,235.906,2.525,5.,0.01,15.9,29.8,5.,100.,50.,16.,6.6,15.,0.63,5.
167.983,4.324,0.232,314.071,445.678,2.96,1.81,5.61,3.19,52.,167.,1728.,1827.3268,376.0605,235.906,2.525,5.,0.01,15.9,29.8,5.,100.,50.,16.,8.93,1.,3.,0.
167.983,4.324,0.232,314.071,445.678,2.96,1.81,5.61,3.19,52.,167.,1728.,1827.3268,376.0605,235.906,2.525,5.,0.01,15.9,29.8,5.,100.,10.,16.,2.38,0.1,3.,8.
167.983,4.324,0.232,314.071,445.678,2.96,1.81,5.61,3.19,52.,167.,1728.,1827.3268,376.0605,235.906,2.525,5.,0.01,15.9,29.8,5.,100.,30.,16.,2.38,0.1,3.,31.
167.983,4.324,0.232,314.071,445.678,2.96,1.81,5.61,3.19,52.,167.,1728.,1827.3268,376.0605,235.906,2.525,5.,0.01,15.9,29.8,5.,100.,50.,16.,2.38,0.1,3.,98.
167.983,4.324,0.232,314.071,445.678,2.96,1.81,5.61,3.19,52.,167.,1728.,1827.3268,376.0605,235.906,2.525,5.,0.01,15.9,29.8,5.,100.,70.,16.,2.38,0.1,3.,98.
167.983,4.324,0.232,314.071,445.678,2.96,1.81,5.61,3.19,52.,167.,1728.,1827.3268,376.0605,235.906,2.525,5.,0.01,15.9,29.8,5.,40.,50.,16.,2.38,0.1,3.,14.
167.983,4.324,0.232,314.071,445.678,2.96,1.81,5.61,3.19,52.,167.,1728.,1827.3268,376.0605,235.906,2.525,5.,0.01,15.9,29.8,5.,60.,50.,16.,2.38,0.1,3.,90.
167.983,4.324,0.232,314.071,445.678,2.96,1.81,5.61,3.19,52.,167.,1728.,1827.3268,376.0605,235.906,2.525,5.,0.01,15.9,29.8,5.,80.,50.,16.,2.38,0.1,3.,99.
167.983,4.324,0.232,314.071,445.678,2.96,1.81,5.61,3.19,52.,167.,1728.,1827.3268,376.0605,235.906,2.525,5.,0.0005,15.9,29.8,5.,80.,50.,16.,2.38,0.1,3.,99.
167.983,4.324,0.232,429.832,650.89,2.96,1.84,7.84,5.45,66.6,166.3,1714.,1824.2415,403.5738,226.031,2.484,5.,0.0005,15.9,29.8,5.,80.,50.,16.,2.38,0.1,3.,97.
167.983,4.324,0.232,364.941,536.97,2.96,2.54,5.62,5.26,68.4,166.1,1712.,1813.2092,360.2351,236.243,2.461,5.,0.002,15.9,29.8,5.,80.,50.,16.,2.38,0.1,3.,98.
167.983,4.324,0.232,357.36,519.868,2.96,1.89,6.81,3.89,51.5,165.9,1711.,1818.1342,433.3005,221.332,4.586,5.,0.002,15.9,29.8,5.,80.,50.,16.,2.38,0.1,3.,91.
167.983,4.324,0.232,339.94,490.467,2.96,1.83,6.85,3.89,51.5,165.9,1720.,1826.0753,392.2011,226.467,2.398,5.,0.0025,15.9,29.8,5.,80.,50.,16.,2.38,0.1,3.,82.
167.983,4.324,0.232,344.85,497.397,3.62,2.15,6.98,3.66,51.9,173.8,1739.,1851.7569,301.1091,250.737,2.369,5.,0.001,15.9,29.8,5.,80.,50.,16.,2.38,0.1,3.,71.
167.983,4.324,0.232,261.139,344.828,2.96,1.88,5.45,4.02,60.17,170.82,1742.6,1849.3184,360.721,302.077,2.474,5.,0.001,15.9,29.8,5.,80.,50.,16.,2.38,0.1,3.,95.
167.983,4.324,0.232,348.849,494.32,2.96,1.89,8.21,3.695,51.3741,174.38,1738.,1847.4158,325.1793,302.196,2.149,5.,0.002,15.9,29.8,5.,80.,50.,16.,2.38,0.1,3.,99.
167.983,4.324,0.232,275.248,386.927,2.96,1.9,3.88,4.22,69.4,176.3,1726.,1855.3221,515.7665,291.215,6.033,5.,0.002,15.9,29.8,5.,80.,50.,16.,2.38,0.1,3.,48.
167.983,4.324,0.232,268.708,364.512,2.96,1.77,4.15,3.8,52.55,176.19,1740.,1860.5492,290.3223,288.4,2.635,5.,0.025,15.9,29.8,5.,80.,50.,16.,2.38,0.1,3.,99.
201.102,11.777,-0.203,314.071,445.678,2.96,1.81,5.61,3.19,52.,167.,1728.,1827.3268,376.0605,235.906,2.525,100.,0.05,15.5,27.9,5.,40.,50.,3.,7.58,20.,15.,4.
203.758,0.569,-0.077,314.071,445.678,2.96,1.81,5.61,3.19,52.,167.,1728.,1827.3268,376.0605,235.906,2.525,100.,0.05,15.5,27.9,5.,40.,50.,3.,7.58,20.,15.,63.
212.62,9.532,-0.429,314.071,445.678,2.96,1.81,5.61,3.19,52.,167.,1728.,1827.3268,376.0605,235.906,2.525,100.,0.05,15.5,27.9,5.,40.,50.,3.,7.58,20.,15.,4.
200.912,3.115,-0.03,314.071,445.678,2.96,1.81,5.61,3.19,52.,167.,1728.,1827.3268,376.0605,235.906,2.525,100.,0.05,15.5,27.9,5.,40.,50.,3.,7.58,20.,15.,75.
203.777,4.784,-0.082,314.071,445.678,2.96,1.81,5.61,3.19,52.,167.,1728.,1827.3268,376.0605,235.906,2.525,100.,0.05,15.5,27.9,5.,40.,50.,3.,7.58,20.,15.,86.
199.121,10.302,-0.35,314.071,445.678,2.96,1.81,5.61,3.19,52.,167.,1728.,1827.3268,376.0605,235.906,2.525,100.,0.05,15.5,27.9,5.,40.,50.,3.,7.58,20.,15.,84.
205.044,4.903,-0.08,314.071,445.678,2.96,1.81,5.61,3.19,52.,167.,1728.,1827.3268,376.0605,235.906,2.525,100.,0.05,15.5,27.9,5.,40.,50.,3.,7.58,20.,15.,57.
220.706,10.288,-0.21,314.071,445.678,2.96,1.81,5.61,3.19,52.,167.,1728.,1827.3268,376.0605,235.906,2.525,100.,0.05,15.5,27.9,5.,40.,50.,3.,7.58,20.,15.,45.
201.102,11.777,-0.203,386.95,570.968,2.96,1.74,6.95,3.77,51.6,170.5,1755.,1854.0254,333.9875,249.198,1.935,100.,0.05,15.5,27.9,5.,40.,50.,3.,7.58,20.,15.,18.
203.758,0.569,-0.077,386.95,570.968,2.96,1.74,6.95,3.77,51.6,170.5,1755.,1854.0254,333.9875,249.198,1.935,100.,0.05,15.5,27.9,5.,40.,50.,3.,7.58,20.,15.,55.
212.62,9.532,-0.429,386.95,570.968,2.96,1.74,6.95,3.77,51.6,170.5,1755.,1854.0254,333.9875,249.198,1.935,100.,0.05,15.5,27.9,5.,40.,50.,3.,7.58,20.,15.,23.
200.912,3.115,-0.03,386.95,570.968,2.96,1.74,6.95,3.77,51.6,170.5,1755.,1854.0254,333.9875,249.198,1.935,100.,0.05,15.5,27.9,5.,40.,50.,3.,7.58,20.,15.,89.
203.777,4.784,-0.082,386.95,570.968,2.96,1.74,6.95,3.77,51.6,170.5,1755.,1854.0254,333.9875,249.198,1.935,100.,0.05,15.5,27.9,5.,40.,50.,3.,7.58,20.,15.,98.
199.121,10.302,-0.35,386.95,570.968,2.96,1.74,6.95,3.77,51.6,170.5,1755.,1854.0254,333.9875,249.198,1.935,100.,0.05,15.5,27.9,5.,40.,50.,3.,7.58,20.,15.,96.
205.044,4.903,-0.08,386.95,570.968,2.96,1.74,6.95,3.77,51.6,170.5,1755.,1854.0254,333.9875,249.198,1.935,100.,0.05,15.5,27.9,5.,40.,50.,3.,7.58,20.,15.,75.
220.706,10.288,-0.21,386.95,570.968,2.96,1.74,6.95,3.77,51.6,170.5,1755.,1854.0254,333.9875,249.198,1.935,100.,0.05,15.5,27.9,5.,40.,50.,3.,7.58,20.,15.,66.
203.777,4.784,-0.082,314.071,445.678,2.96,1.81,5.61,3.19,52.,167.,1728.,1827.3268,376.0605,235.906,2.525,20.,0.005,17.,29.4,1.,40.,50.,6.,7.58,20.,6.,95.
203.777,4.784,-0.082,346.211,497.682,2.96,1.81,5.61,4.38,60.9,166.6,1714.,1820.1283,378.1701,236.029,2.606,20.,0.001,15.9,29.8,1.,40.,50.,16.,7.58,20.,6.,85.
203.777,4.784,-0.082,381.819,571.02,4.39,2.24,5.61,3.9,51.5,168.,1733.,1823.2737,411.4831,233.309,4.422,20.,0.02,15.5,27.9,1.,100.,50.,1.2,7.58,20.,6.,96.
203.777,4.784,-0.082,392.419,579.518,2.96,1.89,5.61,3.89,51.5,165.9,1724.,1826.6297,596.1274,232.543,2.678,20.,0.01,15.5,27.9,1.,40.,50.,16.,7.58,20.,6.,93.
203.777,4.784,-0.082,392.419,579.518,2.96,1.89,5.61,3.89,51.5,165.9,1724.,1826.6297,596.1274,232.543,2.678,20.,0.02,15.5,27.9,1.,100.,50.,1.,7.58,20.,6.,100.
203.777,4.784,-0.082,261.139,344.828,2.96,1.88,5.45,4.02,60.17,170.82,1742.6,1849.3184,360.721,302.077,2.474,20.,0.0005,15.9,29.8,1.,40.,50.,14.,6.02,17.1,6.,95.
203.777,4.784,-0.082,261.139,344.828,2.96,1.88,5.45,4.02,60.17,170.82,1742.6,1849.3184,360.721,302.077,2.474,20.,0.00025,15.9,29.8,1.,40.,50.,21.,6.02,17.1,6.,73.
203.777,4.784,-0.082,348.849,494.32,2.96,1.89,8.21,3.695,51.3741,174.38,1738.,1847.4158,325.1793,302.196,2.149,20.,0.001,15.5,27.9,1.,40.,50.,24.,7.58,20.,6.,81.
203.777,4.784,-0.082,348.849,494.32,2.96,1.89,8.21,3.695,51.3741,174.38,1738.,1847.4158,325.1793,302.196,2.149,20.,0.002,15.5,27.9,1.,100.,50.,2.,7.58,20.,6.,98.
203.777,4.784,-0.082,276.698,371.926,2.95,1.89,5.39,3.7,51.9,170.69,1754.,1879.6086,355.2715,291.172,3.619,20.,0.002,15.5,27.9,1.,60.,50.,16.,7.58,20.,6.,100.
203.777,4.784,-0.082,310.968,425.741,2.96,1.88,7.7,3.69,50.75,171.41,1736.,1856.3853,362.1905,289.61,3.828,20.,0.01,15.5,27.9,1.,23.,50.,21.,7.58,20.,6.,97.
203.777,4.784,-0.082,436.609,635.941,5.19,1.94,10.57,3.66,52.,172.2,1741.,1847.8923,319.3443,273.141,2.161,20.,0.01,17.,29.4,1.,40.,50.,8.,7.58,20.,6.,100.
203.777,4.784,-0.082,268.708,364.512,2.96,1.77,4.15,3.8,52.55,176.19,1740.,1860.5492,290.3223,288.4,2.635,20.,0.01,15.5,27.9,1.,100.,50.,1.,2.38,0.1,6.,93.
203.777,4.784,-0.082,275.248,386.927,2.96,1.9,3.88,4.22,69.4,176.3,1726.,1855.3221,515.7665,291.215,6.033,20.,0.002,15.5,27.9,1.,100.,50.,2.,2.38,0.1,6.,99.
178.078,1.159,-0.041,337.399,489.458,3.32,2.03,7.24,4.73,72.69,170.64,1742.,1843.702,351.6731,297.231,2.479,1.,1.,17.,29.4,1.,80.,2.,6.,2.38,0.1,1.,0.
178.078,1.159,-0.041,316.834,444.53,2.95,2.39,5.94,4.67,76.6,158.,1819.,1913.9019,311.3006,298.587,1.764,1.,1.,17.,29.4,1.,80.,2.,6.,2.38,0.1,1.,0.
178.078,1.159,-0.041,275.248,386.927,2.96,1.9,3.88,4.22,69.4,176.3,1726.,1855.3221,515.7665,291.215,6.033,1.,1.,17.,29.4,1.,80.,2.,6.,2.38,0.1,1.,0.
173.147,22.66,-0.201,443.279,649.025,2.96,1.88,9.19,4.13,65.2,173.1,1728.,1841.5756,333.2686,299.772,2.504,1.,1.,17.,29.4,1.,135.,5.4,2.,2.38,0.1,2.,96.
173.147,22.66,-0.201,320.899,444.951,2.96,1.89,5.67,4.07,60.1,173.8,1738.,1841.3933,338.3544,299.9,2.301,1.,1.,17.,29.4,1.,135.,5.4,2.,2.38,0.1,2.,97.
173.147,22.66,-0.201,429.832,650.89,2.96,1.84,7.84,5.45,66.6,166.3,1714.,1824.2415,403.5738,226.031,2.484,1.,1.,17.,29.4,1.,135.,5.4,2.,2.38,0.1,2.,89.
173.147,22.66,-0.201,346.211,497.682,2.96,1.81,5.61,4.38,60.9,166.6,1714.,1820.1283,378.1701,236.029,2.606,1.,1.,17.,29.4,1.,135.,5.4,2.,2.38,0.1,2.,97.
173.147,22.66,-0.201,346.211,497.682,2.96,1.81,5.61,4.38,60.9,166.6,1714.,1820.1283,378.1701,236.029,2.606,20.,0.025,17.,29.4,0.025,110.,50.7,12.,2.38,0.1,5.,71.
191.354,25.729,0.247,314.071,445.678,2.96,1.81,5.61,3.19,52.,167.,1728.,1827.3268,376.0605,235.906,2.525,10.,0.05,17.,29.4,10.,80.,10.,5.,2.38,0.1,10.,4.
212.62,9.532,-0.429,314.071,445.678,2.96,1.81,5.61,3.19,52.,167.,1728.,1827.3268,376.0605,235.906,2.525,10.,0.1,17.,29.4,10.,80.,10.,5.,2.38,0.1,10.,49.
201.102,11.777,-0.203,314.071,445.678,2.96,1.81,5.61,3.19,52.,167.,1728.,1827.3268,376.0605,235.906,2.525,10.,0.1,17.,29.4,10.,80.,10.,5.,2.38,0.1,10.,64.
203.777,4.784,-0.082,314.071,445.678,2.96,1.81,5.61,3.19,52.,167.,1728.,1827.3268,376.0605,235.906,2.525,10.,0.1,17.,29.4,10.,80.,10.,5.,2.38,0.1,10.,82.
203.777,4.784,-0.082,309.71,435.962,2.96,1.81,5.62,3.9,51.5,165.4,1731.,1827.9246,311.8888,235.985,2.54,2.5,0.1,17.,29.4,40.,80.,10.,5.,2.38,0.1,10.,3.
193.937,0.835,-0.123,314.071,445.678,2.96,1.81,5.61,3.19,52.,167.,1728.,1827.3268,376.0605,235.906,2.525,10.,0.05,17.,29.4,10.,80.,10.,5.,2.38,0.1,10.,93.
184.134,11.197,-0.21,346.211,497.682,2.96,1.81,5.61,4.38,60.9,166.6,1714.,1820.1283,378.1701,236.029,2.606,1.,1.,17.,29.4,8.,120.,5.6,12.,2.38,0.1,10.,68.
205.235,11.332,-0.219,346.211,497.682,2.96,1.81,5.61,4.38,60.9,166.6,1714.,1820.1283,378.1701,236.029,2.606,1.,1.,17.,29.4,8.,120.,5.6,12.,2.38,0.1,10.,70.
185.248,11.314,-0.214,346.211,497.682,2.96,1.81,5.61,4.38,60.9,166.6,1714.,1820.1283,378.1701,236.029,2.606,1.,1.,17.,29.4,8.,120.,5.6,12.,2.38,0.1,10.,62.
182.428,11.339,-0.217,346.211,497.682,2.96,1.81,5.61,4.38,60.9,166.6,1714.,1820.1283,378.1701,236.029,2.606,1.,1.,17.,29.4,8.,120.,5.6,12.,2.38,0.1,10.,73.
182.428,11.339,-0.217,346.211,497.682,2.96,1.81,5.61,4.38,60.9,166.6,1714.,1820.1283,378.1701,236.029,2.606,1.,1.,17.,29.4,8.,120.,8.3,12.,2.38,0.1,10.,99.
192.867,1.152,-0.09,314.071,445.678,2.96,1.81,5.61,3.19,52.,167.,1728.,1827.3268,376.0605,235.906,2.525,10.,0.05,17.,29.4,10.,80.,10.,5.,2.38,0.1,10.,42.
195.6,2.228,0.017,314.071,445.678,2.96,1.81,5.61,3.19,52.,167.,1728.,1827.3268,376.0605,235.906,2.525,10.,0.05,17.,29.4,10.,80.,10.,5.,2.38,0.1,10.,11.
193.266,1.887,-0.027,314.071,445.678,2.96,1.81,5.61,3.19,52.,167.,1728.,1827.3268,376.0605,235.906,2.525,10.,0.05,17.,29.4,10.,80.,10.,5.,2.38,0.1,10.,5.
197.91,1.499,-0.087,314.071,445.678,2.96,1.81,5.61,3.19,52.,167.,1728.,1827.3268,376.0605,235.906,2.525,10.,0.05,17.,29.4,10.,80.,10.,5.,2.38,0.1,10.,8.
189.375,2.276,-0.106,314.071,445.678,2.96,1.81,5.61,3.19,52.,167.,1728.,1827.3268,376.0605,235.906,2.525,10.,0.05,17.,29.4,10.,80.,10.,5.,2.38,0.1,10.,39.
194.257,0.557,-0.105,314.071,445.678,2.96,1.81,5.61,3.19,52.,167.,1728.,1827.3268,376.0605,235.906,2.525,10.,0.05,17.,29.4,10.,80.,10.,5.,2.38,0.1,10.,69.
188.447,27.264,-0.346,314.071,445.678,2.96,1.81,5.61,3.19,52.,167.,1728.,1827.3268,376.0605,235.906,2.525,0.5,0.75,17.,29.4,20.,100.,50.,2.,2.25,14.3,2.,53.
188.447,27.264,-0.346,532.949,800.71,2.96,1.89,15.84,3.61,51.9,173.1,1743.,1847.1929,322.6082,301.608,2.143,0.5,0.75,17.,29.4,20.,100.,50.,2.,2.25,14.3,2.,93.
188.447,27.264,-0.346,261.718,354.307,2.95,2.1,3.93,4.4,78.,177.2,1768.,1896.7094,580.4541,295.703,5.932,0.5,0.75,17.,29.4,20.,100.,50.,2.,2.25,14.3,2.,54.
189.176,41.383,-0.297,314.071,445.678,2.96,1.81,5.61,3.19,52.,167.,1728.,1827.3268,376.0605,235.906,2.525,0.5,0.75,17.,29.4,20.,100.,50.,2.,2.25,14.3,2.,50.
182.84,2.93,-0.144,314.071,445.678,2.96,1.81,5.61,3.19,52.,167.,1728.,1827.3268,376.0605,235.906,2.525,10.,0.1,17.,29.4,10.,80.,10.,5.,2.38,0.1,10.,95.
193.27,4.891,0.077,261.718,354.307,2.95,2.1,3.93,4.4,78.,177.2,1768.,1896.7094,580.4541,295.703,5.932,15.,0.25,17.,29.4,2.5,80.,60.,2.,2.38,0.1,30.,92.
193.27,4.891,0.077,314.071,445.678,2.96,1.81,5.61,3.19,52.,167.,1728.,1827.3268,376.0605,235.906,2.525,15.,0.05,17.,29.4,2.5,80.,50.,10.,2.38,0.1,30.,80.
191.354,25.729,0.247,314.071,445.678,2.96,1.81,5.61,3.19,52.,167.,1728.,1827.3268,376.0605,235.906,2.525,1.,2.,17.,29.4,10.,50.,1.,5.,7.58,20.,2.,90.
191.354,25.729,0.247,309.71,435.962,2.96,1.81,5.62,3.9,51.5,165.4,1731.,1827.9246,311.8888,235.985,2.54,1.,2.,17.,29.4,10.,50.,1.,5.,7.58,20.,2.,98.
191.354,25.729,0.247,309.71,435.962,2.96,1.81,5.62,3.9,51.5,165.4,1731.,1827.9246,311.8888,235.985,2.54,1.,2.,17.,29.4,20.,50.,1.,5.,7.58,20.,2.,90.
191.354,25.729,0.247,346.632,502.603,2.96,1.87,7.26,3.89,51.5,164.9,1722.,1829.2651,344.112,223.608,4.212,1.,2.,17.,29.4,20.,50.,1.,5.,7.58,20.,2.,94.
191.354,25.729,0.247,346.802,502.793,2.96,1.87,7.13,3.89,51.5,165.9,1716.,1826.8125,393.0344,223.596,2.435,1.,2.,17.,29.4,20.,50.,1.,5.,7.58,20.,2.,94.
191.354,25.729,0.247,346.211,497.682,2.96,1.81,5.61,4.38,60.9,166.6,1714.,1820.1283,378.1701,236.029,2.606,1.,2.,17.,29.4,20.,50.,1.,5.,7.58,20.,2.,90.
191.354,25.729,0.247,357.699,526.537,6.2,1.72,5.66,3.61,51.9,173.1,1750.,1844.8864,366.4357,299.086,2.45,1.,2.,17.,29.4,10.,50.,1.,5.,7.58,20.,2.,94.
191.354,25.729,0.247,232.908,304.854,2.95,2.08,3.08,4.3,68.8,178.1,1772.,1900.4854,562.5498,296.563,5.78,1.,2.,15.5,27.9,50.,50.,1.,5.,7.58,20.,2.,73.
188.447,27.264,-0.346,314.071,445.678,2.96,1.81,5.61,3.19,52.,167.,1728.,1827.3268,376.0605,235.906,2.525,1.,1.,17.,29.4,10.,50.,1.,5.,7.58,20.,1.,74.
188.447,27.264,-0.346,314.071,445.678,2.96,1.81,5.61,3.19,52.,167.,1728.,1827.3268,376.0605,235.906,2.525,1.,1.,17.,29.4,10.,55.,1.,5.,7.58,20.,1.,60.
188.447,27.264,-0.346,314.071,445.678,2.96,1.81,5.61,3.19,52.,167.,1728.,1827.3268,376.0605,235.906,2.525,1.,1.,17.,29.4,10.,45.,1.,5.,7.58,20.,1.,72.
188.447,27.264,-0.346,314.071,445.678,2.96,1.81,5.61,3.19,52.,167.,1728.,1827.3268,376.0605,235.906,2.525,1.,1.,17.,29.4,10.,50.,1.,5.,7.58,20.,0.5,58.
188.447,27.264,-0.346,314.071,445.678,2.96,1.81,5.61,3.19,52.,167.,1728.,1827.3268,376.0605,235.906,2.525,1.,1.,17.,29.4,10.,50.,1.,5.,7.58,20.,2.,80.
188.447,27.264,-0.346,314.071,445.678,2.96,1.81,5.61,3.19,52.,167.,1728.,1827.3268,376.0605,235.906,2.525,1.,0.2,17.,29.4,10.,80.,4.,5.,7.58,20.,1.,95.
188.447,27.264,-0.346,309.71,435.962,2.96,1.81,5.62,3.9,51.5,165.4,1731.,1827.9246,311.8888,235.985,2.54,1.,0.2,17.,29.4,10.,80.,4.,5.,7.58,20.,1.,98.
188.447,27.264,-0.346,346.802,502.793,2.96,1.87,7.13,3.89,51.5,165.9,1716.,1826.8125,393.0344,223.596,2.435,1.,0.2,17.,29.4,10.,80.,4.,5.,7.58,20.,1.,84.
188.447,27.264,-0.346,357.699,526.537,6.2,1.72,5.66,3.61,51.9,173.1,1750.,1844.8864,366.4357,299.086,2.45,1.,0.2,17.,29.4,10.,80.,4.,5.,7.58,20.,1.,94.
177.242,11.788,-0.201,251.425,338.628,2.95,2.2,3.12,5.04,71.9,166.9,1760.,1893.4991,932.4925,290.418,3.284,1.,1.,17.,29.4,1.,135.,6.1,36.,2.25,14.3,3.,61.
177.242,11.788,-0.201,251.425,338.628,2.95,2.2,3.12,5.04,71.9,166.9,1760.,1893.4991,932.4925,290.418,3.284,1.,1.,17.,29.4,1.,135.,10.1,36.,2.25,14.3,3.,88.
177.242,11.788,-0.201,251.425,338.628,2.95,2.2,3.12,5.04,71.9,166.9,1760.,1893.4991,932.4925,290.418,3.284,1.,1.,17.,29.4,1.,110.,10.1,48.,7.58,20.,3.,93.
177.242,11.788,-0.201,251.425,338.628,2.95,2.2,3.12,5.04,71.9,166.9,1760.,1893.4991,932.4925,290.418,3.284,10.,0.2,17.,29.4,1.,110.,50.7,12.,7.58,20.,5.,85.
173.147,22.66,-0.201,251.425,338.628,2.95,2.2,3.12,5.04,71.9,166.9,1760.,1893.4991,932.4925,290.418,3.284,1.,1.,17.,29.4,1.,110.,10.1,48.,7.58,20.,3.,58.
173.147,22.66,-0.201,251.425,338.628,2.95,2.2,3.12,5.04,71.9,166.9,1760.,1893.4991,932.4925,290.418,3.284,1.,1.,17.,29.4,1.,110.,10.1,48.,7.58,20.,3.,0.
177.242,11.788,-0.201,301.376,429.981,2.95,2.3,4.38,5.6,81.3,167.6,1756.,1877.5083,866.0033,283.744,3.415,1.,1.,17.,29.4,1.,110.,10.1,48.,7.58,20.,3.,87.
177.242,11.788,-0.201,297.446,426.736,2.95,1.91,4.21,5.6,81.3,167.6,1755.,1873.6889,925.2869,285.766,2.559,1.,1.,17.,29.4,1.,110.,10.1,48.,7.58,20.,3.,82.
177.242,11.788,-0.201,297.446,426.736,2.95,1.91,4.21,5.6,81.3,167.6,1755.,1873.6889,925.2869,285.766,2.559,10.,0.2,17.,29.4,1.,110.,50.7,12.,7.58,20.,5.,73.
173.147,22.66,-0.201,297.446,426.736,2.95,1.91,4.21,5.6,81.3,167.6,1755.,1873.6889,925.2869,285.766,2.559,1.,1.,17.,29.4,1.,110.,50.7,12.,7.58,20.,3.,67.
203.758,0.569,-0.077,391.17,587.158,2.96,2.47,7.96,3.7,52.2,173.3,1735.,1842.761,337.2146,248.816,2.29,5.,0.2,15.5,27.9,10.,80.,50.,16.,7.58,20.,2.,93.
203.758,0.569,-0.077,405.849,628.937,3.68,2.96,5.62,3.68,51.2,172.9,1709.,1808.9574,358.7687,276.01,4.96,5.,1.,15.5,27.9,10.,80.,50.,16.,7.58,20.,2.,70.
203.758,0.569,-0.077,300.809,420.381,2.96,1.97,5.66,3.66,51.9,171.5,1711.,1834.576,314.8932,278.276,1.814,5.,1.,15.5,27.9,10.,80.,50.,16.,7.58,20.,2.,0.
203.758,0.569,-0.077,299.208,415.534,2.96,2.,5.6,3.7,52.2,170.2,1750.,1850.3225,317.7495,295.522,1.825,5.,1.,15.5,27.9,10.,80.,50.,16.,7.58,20.,2.,0.
197.791,1.515,-0.048,314.071,445.678,2.96,1.81,5.61,3.19,52.,167.,1728.,1827.3268,376.0605,235.906,2.525,4.,0.2,15.5,27.9,10.,100.,50.,3.,7.58,20.,3.,15.
197.424,1.519,-0.083,314.071,445.678,2.96,1.81,5.61,3.19,52.,167.,1728.,1827.3268,376.0605,235.906,2.525,4.,0.2,15.5,27.9,10.,100.,50.,3.,7.58,20.,3.,22.
205.03,1.153,-0.079,314.071,445.678,2.96,1.81,5.61,3.19,52.,167.,1728.,1827.3268,376.0605,235.906,2.525,4.,0.2,15.5,27.9,10.,100.,50.,3.,7.58,20.,3.,4.
205.143,1.068,-0.071,314.071,445.678,2.96,1.81,5.61,3.19,52.,167.,1728.,1827.3268,376.0605,235.906,2.525,4.,0.2,15.5,27.9,10.,100.,50.,3.,7.58,20.,3.,49.
207.728,0.684,-0.053,314.071,445.678,2.96,1.81,5.61,3.19,52.,167.,1728.,1827.3268,376.0605,235.906,2.525,4.,0.2,15.5,27.9,10.,100.,50.,3.,7.58,20.,3.,27.
204.345,1.366,-0.051,314.071,445.678,2.96,1.81,5.61,3.19,52.,167.,1728.,1827.3268,376.0605,235.906,2.525,4.,0.2,15.5,27.9,10.,100.,50.,3.,7.58,20.,3.,76.
204.336,1.377,-0.073,314.071,445.678,2.96,1.81,5.61,3.19,52.,167.,1728.,1827.3268,376.0605,235.906,2.525,4.,0.2,15.5,27.9,10.,100.,50.,3.,7.58,20.,3.,1.
205.741,1.086,-0.061,314.071,445.678,2.96,1.81,5.61,3.19,52.,167.,1728.,1827.3268,376.0605,235.906,2.525,4.,0.2,15.5,27.9,10.,100.,50.,3.,7.58,20.,3.,97.
205.216,1.386,-0.061,314.071,445.678,2.96,1.81,5.61,3.19,52.,167.,1728.,1827.3268,376.0605,235.906,2.525,4.,0.2,15.5,27.9,10.,100.,50.,3.,7.58,20.,3.,97.
209.065,8.925,-0.327,391.17,587.158,2.96,2.47,7.96,3.7,52.2,173.3,1735.,1842.761,337.2146,248.816,2.29,5.,1.,30.,30.,0.0001,80.,50.,16.,7.58,20.,2.,95.
210.506,8.785,-0.328,391.17,587.158,2.96,2.47,7.96,3.7,52.2,173.3,1735.,1842.761,337.2146,248.816,2.29,5.,1.,30.,30.,0.0001,80.,50.,16.,7.58,20.,2.,95.
209.065,8.925,-0.327,405.849,628.937,3.68,2.96,5.62,3.68,51.2,172.9,1709.,1808.9574,358.7687,276.01,4.96,5.,1.,30.,30.,0.0001,80.,50.,16.,7.58,20.,2.,92.
210.506,8.785,-0.328,405.849,628.937,3.68,2.96,5.62,3.68,51.2,172.9,1709.,1808.9574,358.7687,276.01,4.96,5.,1.,30.,30.,0.0001,80.,50.,16.,7.58,20.,2.,96.
210.506,8.785,-0.328,450.039,717.074,2.96,2.19,7.02,3.66,51.9,171.5,1741.,1851.8316,349.4904,271.534,4.811,5.,1.,30.,30.,0.0001,80.,50.,16.,7.58,20.,2.,94.
210.506,8.785,-0.328,437.379,691.54,3.81,2.7,5.61,3.66,51.9,171.5,1747.,1795.9929,529.4262,267.03,5.365,5.,1.,30.,30.,0.0001,80.,50.,16.,7.58,20.,2.,89.
210.506,8.785,-0.328,376.99,566.315,2.96,1.98,6.8,3.66,51.9,174.8,1739.,1844.4744,301.3716,220.647,3.257,5.,1.,30.,30.,0.0001,80.,50.,16.,7.58,20.,2.,89.
209.065,8.925,-0.327,402.51,609.747,2.96,2.04,5.59,3.7,52.2,170.8,1751.,1846.0115,326.5667,246.729,1.076,5.,1.,30.,30.,0.0001,80.,50.,16.,7.58,20.,2.,95.
210.506,8.785,-0.328,402.51,609.747,2.96,2.04,5.59,3.7,52.2,170.8,1751.,1846.0115,326.5667,246.729,1.076,5.,1.,30.,30.,0.0001,80.,50.,16.,7.58,20.,2.,90.
209.065,8.925,-0.327,273.459,373.052,2.96,2.,4.34,3.66,51.9,171.5,1750.,1841.9533,286.9054,270.314,2.642,5.,1.,30.,30.,0.0001,80.,50.,16.,7.58,20.,2.,0.
210.506,8.785,-0.328,273.459,373.052,2.96,2.,4.34,3.66,51.9,171.5,1750.,1841.9533,286.9054,270.314,2.642,5.,1.,30.,30.,0.0001,80.,50.,16.,7.58,20.,2.,0.
209.065,8.925,-0.327,268.708,364.512,2.96,1.77,4.15,3.7,52.2,170.2,1750.,1860.5492,290.3223,288.4,2.635,5.,1.,30.,30.,0.0001,80.,50.,16.,7.58,20.,2.,30.
210.506,8.785,-0.328,268.708,364.512,2.96,1.77,4.15,3.7,52.2,170.2,1750.,1860.5492,290.3223,288.4,2.635,5.,1.,30.,30.,0.0001,80.,50.,16.,7.58,20.,2.,45.
209.065,8.925,-0.327,314.071,445.678,2.96,1.81,5.61,3.19,52.,167.,1728.,1827.3268,376.0605,235.906,2.525,4.,0.2,30.,30.,0.0001,80.,50.,16.,7.58,20.,3.,97.
209.065,8.925,-0.327,364.941,536.97,2.96,2.54,5.62,5.26,68.4,166.1,1712.,1813.2092,360.2351,236.243,2.461,4.,0.2,30.,30.,0.0001,80.,50.,16.,7.58,20.,3.,34.
181.585,4.605,-0.425,314.071,445.678,2.96,1.81,5.61,3.19,52.,167.,1728.,1827.3268,376.0605,235.906,2.525,1.,1.,17.,29.4,9.,50.,4.,3.,7.58,20.,1.,100.
181.585,4.605,-0.425,232.908,304.854,2.95,2.08,3.08,4.3,68.8,178.1,1772.,1900.4854,562.5498,296.563,5.78,1.,1.,17.,29.4,9.,30.,4.,4.,7.58,20.,1.,100.
181.585,4.605,-0.425,393.779,599.716,3.07,2.69,6.48,4.68,77.1,175.5,1730.,1838.0297,396.7453,289.752,2.653,1.,1.,17.,29.4,9.,30.,4.,4.,7.58,20.,1.,100.
181.585,4.605,-0.425,292.209,412.164,2.95,1.83,5.42,5.33,68.6,171.3,1750.,1885.4625,753.8885,234.478,6.534,1.,2.,17.,29.4,9.,30.,4.,4.,7.58,20.,1.,92.
181.585,4.605,-0.425,368.108,541.457,2.96,2.02,7.13,3.89,51.5,165.8,1730.,1830.304,357.2876,233.288,3.338,1.,2.,17.,29.4,9.,30.,4.,3.,7.58,20.,1.,100.
181.585,4.605,-0.425,364.941,536.97,2.96,2.54,5.62,5.26,68.4,166.1,1712.,1813.2092,360.2351,236.243,2.461,1.,2.,17.,29.4,9.,30.,4.,3.,7.58,20.,1.,91.
181.585,4.605,-0.425,382.309,547.088,2.96,1.89,8.22,4.01,61.3,173.1,1740.,1841.2829,334.1132,299.85,2.287,1.,2.,17.,29.4,9.,20.,4.,3.,7.58,20.,1.,61.
191.388,10.323,-0.049,346.211,497.682,2.96,1.81,5.61,4.38,60.9,166.6,1714.,1820.1283,378.1701,236.029,2.606,0.5,0.4,17.,29.4,2.4,105.,6.,20.,2.38,0.1,2.,99.
191.388,10.323,-0.049,429.832,650.89,2.96,1.84,7.84,5.45,66.6,166.3,1714.,1824.2415,403.5738,226.031,2.484,0.5,0.2,17.,29.4,1.2,105.,6.,20.,2.38,0.1,2.,98.
191.388,10.323,-0.049,443.279,649.025,2.96,1.88,9.19,4.13,65.2,173.1,1728.,1841.5756,333.2686,299.772,2.504,0.5,0.8,17.,29.4,4.8,105.,6.,20.,2.38,0.1,2.,97.
191.388,10.323,-0.049,292.209,412.164,2.95,1.83,5.42,5.33,68.6,171.3,1750.,1885.4625,753.8885,234.478,6.534,0.5,0.1,17.,29.4,0.6,105.,6.,20.,2.38,0.1,2.,36.
191.388,10.323,-0.049,292.209,412.164,2.95,1.83,5.42,5.33,68.6,171.3,1750.,1885.4625,753.8885,234.478,6.534,0.5,0.1,17.,29.4,0.6,105.,30.,20.,2.38,0.1,2.,99.
205.741,1.086,-0.061,324.319,463.101,2.96,1.81,6.04,3.89,51.5,165.9,1721.,1825.8925,386.5909,234.269,2.25,0.4,0.5,17.,29.4,25.,100.,50.,16.,6.97,12.,3.,99.
205.542,1.053,-0.075,324.319,463.101,2.96,1.81,6.04,3.89,51.5,165.9,1721.,1825.8925,386.5909,234.269,2.25,0.4,0.5,17.,29.4,25.,100.,50.,16.,6.97,12.,3.,28.
208.722,0.676,-0.04,324.319,463.101,2.96,1.81,6.04,3.89,51.5,165.9,1721.,1825.8925,386.5909,234.269,2.25,0.4,0.5,17.,29.4,25.,100.,50.,16.,6.97,12.,3.,44.
210.421,0.85,-0.014,324.319,463.101,2.96,1.81,6.04,3.89,51.5,165.9,1721.,1825.8925,386.5909,234.269,2.25,0.4,0.5,17.,29.4,25.,100.,50.,16.,6.97,12.,3.,10.
211.656,1.629,0.201,324.319,463.101,2.96,1.81,6.04,3.89,51.5,165.9,1721.,1825.8925,386.5909,234.269,2.25,0.4,0.5,17.,29.4,25.,100.,50.,16.,6.97,12.,3.,4.
204.908,2.266,-0.032,324.319,463.101,2.96,1.81,6.04,3.89,51.5,165.9,1721.,1825.8925,386.5909,234.269,2.25,0.4,0.5,17.,29.4,25.,100.,50.,16.,6.97,12.,3.,1.
200.022,3.265,-0.15,324.319,463.101,2.96,1.81,6.04,3.89,51.5,165.9,1721.,1825.8925,386.5909,234.269,2.25,0.4,0.5,17.,29.4,25.,100.,50.,16.,6.97,12.,3.,4.
191.112,10.522,-0.052,346.211,497.682,2.96,1.81,5.61,4.38,60.9,166.6,1714.,1820.1283,378.1701,236.029,2.606,1.,0.001,17.,29.4,0.006,105.,6.,20.,2.38,0.1,2.,100.
191.112,10.522,-0.052,346.211,497.682,2.96,1.81,5.61,4.38,60.9,166.6,1714.,1820.1283,378.1701,236.029,2.606,1.,0.00025,17.,29.4,0.0015,105.,6.,20.,2.38,0.1,2.,60.
205.143,1.068,-0.071,324.319,463.101,2.96,1.81,6.04,3.89,51.5,165.9,1721.,1825.8925,386.5909,234.269,2.25,0.4,0.5,17.,29.4,25.,100.,50.,16.,6.97,12.,3.,48.
204.345,1.366,-0.051,324.319,463.101,2.96,1.81,6.04,3.89,51.5,165.9,1721.,1825.8925,386.5909,234.269,2.25,0.4,0.5,17.,29.4,25.,100.,50.,16.,6.97,12.,3.,2.
191.112,10.522,-0.052,324.319,463.101,2.96,1.81,6.04,3.89,51.5,165.9,1721.,1825.8925,386.5909,234.269,2.25,0.4,0.5,17.,29.4,25.,100.,50.,16.,6.97,12.,3.,0.
204.336,1.377,-0.073,324.319,463.101,2.96,1.81,6.04,3.89,51.5,165.9,1721.,1825.8925,386.5909,234.269,2.25,0.4,0.5,17.,29.4,25.,100.,50.,16.,6.97,12.,3.,9.
205.27,1.401,-0.01,324.319,463.101,2.96,1.81,6.04,3.89,51.5,165.9,1721.,1825.8925,386.5909,234.269,2.25,0.4,0.5,17.,29.4,25.,100.,50.,16.,6.97,12.,3.,2.
203.338,5.105,-0.052,324.319,463.101,2.96,1.81,6.04,3.89,51.5,165.9,1721.,1825.8925,386.5909,234.269,2.25,0.4,0.5,17.,29.4,25.,100.,50.,16.,6.97,12.,3.,2.
197.01,7.138,-0.029,324.319,463.101,2.96,1.81,6.04,3.89,51.5,165.9,1721.,1825.8925,386.5909,234.269,2.25,0.4,0.5,17.,29.4,25.,100.,50.,16.,6.97,12.,3.,7.
199.607,1.96,-0.059,324.319,463.101,2.96,1.81,6.04,3.89,51.5,165.9,1721.,1825.8925,386.5909,234.269,2.25,0.4,0.5,17.,29.4,25.,100.,50.,16.,6.97,12.,3.,96.
205.741,1.086,-0.061,324.319,463.101,2.96,1.81,6.04,3.89,51.5,165.9,1721.,1825.8925,386.5909,234.269,2.25,0.4,0.25,17.,29.4,2.5,100.,50.,16.,6.97,12.,3.,0.
205.741,1.086,-0.061,324.319,463.101,2.96,1.81,6.04,3.89,51.5,165.9,1721.,1825.8925,386.5909,234.269,2.25,0.4,0.25,17.,29.4,5.,100.,50.,16.,6.97,12.,3.,6.
205.741,1.086,-0.061,324.319,463.101,2.96,1.81,6.04,3.89,51.5,165.9,1721.,1825.8925,386.5909,234.269,2.25,0.4,0.25,17.,29.4,7.5,100.,50.,16.,6.97,12.,3.,47.
205.741,1.086,-0.061,324.319,463.101,2.96,1.81,6.04,3.89,51.5,165.9,1721.,1825.8925,386.5909,234.269,2.25,0.4,0.25,17.,29.4,10.,100.,50.,16.,6.97,12.,3.,94.
205.741,1.086,-0.061,324.319,463.101,2.96,1.81,6.04,3.89,51.5,165.9,1721.,1825.8925,386.5909,234.269,2.25,0.4,0.25,17.,29.4,12.5,100.,50.,16.,6.97,12.,3.,94.
205.741,1.086,-0.061,324.319,463.101,2.96,1.81,6.04,3.89,51.5,165.9,1721.,1825.8925,386.5909,234.269,2.25,0.4,0.25,17.,29.4,17.5,100.,50.,16.,6.97,12.,3.,96.
205.741,1.086,-0.061,324.319,463.101,2.96,1.81,6.04,3.89,51.5,165.9,1721.,1825.8925,386.5909,234.269,2.25,0.4,0.25,17.,29.4,20.,100.,50.,16.,6.97,12.,3.,97.
205.741,1.086,-0.061,324.319,463.101,2.96,1.81,6.04,3.89,51.5,165.9,1721.,1825.8925,386.5909,234.269,2.25,0.4,0.25,17.,29.4,25.,100.,50.,16.,6.97,12.,3.,97.
205.741,1.086,-0.061,324.319,463.101,2.96,1.81,6.04,3.89,51.5,165.9,1721.,1825.8925,386.5909,234.269,2.25,0.4,0.25,17.,29.4,37.5,100.,50.,16.,6.97,12.,3.,97.
208.167,6.212,-0.017,324.319,463.101,2.96,1.81,6.04,3.89,51.5,165.9,1721.,1825.8925,386.5909,234.269,2.25,0.4,0.5,17.,29.4,25.,100.,50.,16.,6.97,12.,3.,99.
208.167,6.212,-0.017,324.319,463.101,2.96,1.81,6.04,3.89,51.5,165.9,1721.,1825.8925,386.5909,234.269,2.25,0.4,0.5,17.,29.4,25.,100.,50.,2.,6.97,12.,3.,97.
208.666,4.607,-0.006,324.319,463.101,2.96,1.81,6.04,3.89,51.5,165.9,1721.,1825.8925,386.5909,234.269,2.25,0.4,0.5,17.,29.4,25.,100.,50.,16.,6.97,12.,3.,76.
207.165,6.851,0.026,324.319,463.101,2.96,1.81,6.04,3.89,51.5,165.9,1721.,1825.8925,386.5909,234.269,2.25,0.4,0.5,17.,29.4,25.,100.,50.,16.,6.97,12.,3.,98.
207.165,6.851,0.026,324.319,463.101,2.96,1.81,6.04,3.89,51.5,165.9,1721.,1825.8925,386.5909,234.269,2.25,0.4,0.5,17.,29.4,25.,100.,50.,2.,6.97,12.,3.,98.
206.144,5.809,0.024,324.319,463.101,2.96,1.81,6.04,3.89,51.5,165.9,1721.,1825.8925,386.5909,234.269,2.25,0.4,0.5,17.,29.4,25.,100.,50.,16.,6.97,12.,3.,43.
208.3,6.743,-0.006,324.319,463.101,2.96,1.81,6.04,3.89,51.5,165.9,1721.,1825.8925,386.5909,234.269,2.25,0.4,0.5,17.,29.4,25.,100.,50.,16.,6.97,12.,3.,94.
208.3,6.743,-0.006,324.319,463.101,2.96,1.81,6.04,3.89,51.5,165.9,1721.,1825.8925,386.5909,234.269,2.25,0.4,0.5,17.,29.4,25.,100.,50.,2.,6.97,12.,3.,99.
208.666,5.897,-0.001,324.319,463.101,2.96,1.81,6.04,3.89,51.5,165.9,1721.,1825.8925,386.5909,234.269,2.25,0.4,0.5,17.,29.4,25.,100.,50.,16.,6.97,12.,3.,26.
208.167,6.212,-0.017,343.25,495.464,2.96,1.89,6.56,3.89,51.5,165.9,1735.,1822.7682,404.6528,228.821,2.936,0.4,0.5,17.,29.4,25.,50.,50.,16.,6.97,12.,3.,99.
190.115,11.116,-0.051,346.211,497.682,2.96,1.81,5.61,4.38,60.9,166.6,1714.,1820.1283,378.1701,236.029,2.606,1.,0.00025,17.,29.4,0.0015,105.,6.,20.,2.38,0.1,2.,0.
190.115,11.116,-0.051,346.211,497.682,2.96,1.81,5.61,4.38,60.9,166.6,1714.,1820.1283,378.1701,236.029,2.606,1.,0.001,17.,29.4,0.006,105.,6.,20.,2.38,0.1,2.,20.
208.167,6.212,-0.017,339.94,490.467,2.96,1.83,6.85,3.89,51.5,165.9,1720.,1826.0753,392.2011,226.467,2.398,0.4,0.5,17.,29.4,25.,50.,50.,16.,6.97,12.,3.,99.
208.167,6.212,-0.017,346.802,502.793,2.96,1.87,7.13,3.89,51.5,165.9,1716.,1826.8125,393.0344,223.596,2.435,0.4,0.5,17.,29.4,25.,50.,50.,16.,6.97,12.,3.,99.
205.741,1.086,-0.061,346.802,502.793,2.96,1.87,7.13,3.89,51.5,165.9,1716.,1826.8125,393.0344,223.596,2.435,0.4,0.5,17.,29.4,25.,50.,50.,16.,6.97,12.,3.,95.
208.167,6.212,-0.017,379.601,565.982,2.96,1.83,6.78,3.89,51.5,165.9,1735.,1823.2707,494.4619,198.,2.996,0.4,0.5,17.,29.4,25.,50.,50.,16.,6.97,12.,3.,99.
205.741,1.086,-0.061,379.601,565.982,2.96,1.83,6.78,3.89,51.5,165.9,1735.,1823.2707,494.4619,198.,2.996,0.4,0.5,17.,29.4,25.,50.,50.,16.,6.97,12.,3.,91.
208.167,6.212,-0.017,346.211,497.682,2.96,1.81,5.61,4.38,60.9,166.6,1714.,1820.1283,378.1701,236.029,2.606,0.4,0.5,17.,29.4,25.,50.,50.,16.,6.97,12.,3.,99.
205.741,1.086,-0.061,346.211,497.682,2.96,1.81,5.61,4.38,60.9,166.6,1714.,1820.1283,378.1701,236.029,2.606,0.4,0.5,17.,29.4,25.,50.,50.,16.,6.97,12.,3.,97.
208.167,6.212,-0.017,333.7,479.594,2.96,1.81,6.6,3.89,51.5,165.9,1728.,1810.6154,459.2969,211.041,5.037,0.4,0.5,17.,29.4,25.,100.,50.,16.,6.97,12.,3.,0.
208.167,6.212,-0.017,306.85,433.264,2.96,1.81,5.56,3.9,51.6,165.9,1736.,1833.075,377.1639,237.149,4.886,0.4,0.5,17.,29.4,25.,100.,50.,16.,6.97,12.,3.,99.
205.741,1.086,-0.061,306.85,433.264,2.96,1.81,5.56,3.9,51.6,165.9,1736.,1833.075,377.1639,237.149,4.886,0.4,0.5,17.,29.4,25.,100.,50.,16.,6.97,12.,3.,95.
208.167,6.212,-0.017,309.71,435.962,2.96,1.81,5.62,3.9,51.5,165.4,1731.,1827.9246,311.8888,235.985,2.54,0.4,0.5,17.,29.4,25.,100.,50.,16.,6.97,12.,3.,0.
208.167,6.212,-0.017,333.7,479.594,2.96,1.81,6.6,3.9,51.5,157.4,1735.,1810.6154,459.2969,211.041,5.037,0.4,0.5,17.,29.4,25.,100.,50.,16.,6.97,12.,3.,0.
208.167,6.212,-0.017,324.319,463.101,2.96,1.81,6.04,3.89,51.5,165.9,1721.,1825.8925,386.5909,234.269,2.25,0.4,0.4,17.,29.4,20.,50.,50.,16.,6.97,12.,3.,99.
208.167,6.212,-0.017,324.319,463.101,2.96,1.81,6.04,3.89,51.5,165.9,1721.,1825.8925,386.5909,234.269,2.25,0.4,0.3,17.,29.4,15.,50.,50.,16.,6.97,12.,3.,99.
208.167,6.212,-0.017,324.319,463.101,2.96,1.81,6.04,3.89,51.5,165.9,1721.,1825.8925,386.5909,234.269,2.25,0.4,0.2,17.,29.4,10.,50.,50.,16.,6.97,12.,3.,99.
208.167,6.212,-0.017,324.319,463.101,2.96,1.81,6.04,3.89,51.5,165.9,1721.,1825.8925,386.5909,234.269,2.25,0.4,0.1,17.,29.4,5.,50.,50.,16.,6.97,12.,3.,0.
208.167,6.212,-0.017,324.319,463.101,2.96,1.81,6.04,3.89,51.5,165.9,1721.,1825.8925,386.5909,234.269,2.25,0.4,0.5,17.,29.4,25.,50.,50.,16.,6.97,12.,3.,93.
208.167,6.212,-0.017,324.319,463.101,2.96,1.81,6.04,3.89,51.5,165.9,1721.,1825.8925,386.5909,234.269,2.25,0.4,0.3,17.,29.4,15.,50.,50.,16.,6.97,12.,3.,0.
208.167,6.212,-0.017,324.319,463.101,2.96,1.81,6.04,3.89,51.5,165.9,1721.,1825.8925,386.5909,234.269,2.25,0.4,0.3,17.,29.4,15.,100.,50.,16.,6.97,12.,3.,0.
208.167,6.212,-0.017,324.319,463.101,2.96,1.81,6.04,3.89,51.5,165.9,1721.,1825.8925,386.5909,234.269,2.25,0.4,0.5,17.,29.4,25.,30.,50.,16.,6.97,12.,3.,5.
208.167,6.212,-0.017,324.319,463.101,2.96,1.81,6.04,3.89,51.5,165.9,1721.,1825.8925,386.5909,234.269,2.25,0.4,0.5,17.,29.4,25.,30.,50.,64.,6.97,12.,3.,69.
208.167,6.212,-0.017,324.319,463.101,2.96,1.81,6.04,3.89,51.5,165.9,1721.,1825.8925,386.5909,234.269,2.25,0.4,0.5,17.,29.4,25.,30.,50.,100.,6.97,12.,3.,99.
193.729,6.334,0.281,404.493,628.852,2.95,2.17,7.61,3.66,51.9,159.3,1795.,1901.0901,357.3854,289.544,3.606,1.,0.5,17.,29.4,1.5,140.,50.,24.,32.7,19.,3.,100.
183.26,4.499,-0.09,404.493,628.852,2.95,2.17,7.61,3.66,51.9,159.3,1795.,1901.0901,357.3854,289.544,3.606,1.,0.5,17.,29.4,1.5,140.,50.,24.,32.7,19.,3.,47.
193.729,6.334,0.281,381.819,571.02,4.39,2.24,5.61,3.9,51.5,168.,1733.,1823.2737,411.4831,233.309,4.422,1.,0.5,30.,30.,1.5,150.,60.,60.,32.7,19.,3.,54.
204.888,10.747,-0.187,314.071,445.678,2.96,1.81,5.61,3.19,52.,167.,1728.,1827.3268,376.0605,235.906,2.525,20.,0.05,17.,29.4,1.e-7,100.,50.,1.7,7.58,20.,7.,100.
182.062,8.793,-0.146,314.071,445.678,2.96,1.81,5.61,3.19,52.,167.,1728.,1827.3268,376.0605,235.906,2.525,20.,0.05,17.,29.4,1.e-7,40.,50.,17.,7.58,20.,7.,82.
182.062,8.793,-0.146,314.071,445.678,2.96,1.81,5.61,3.19,52.,167.,1728.,1827.3268,376.0605,235.906,2.525,20.,0.05,17.,29.4,1.e-7,60.,50.,2.2,7.58,20.,7.,71.
182.062,8.793,-0.146,314.071,445.678,2.96,1.81,5.61,3.19,52.,167.,1728.,1827.3268,376.0605,235.906,2.525,20.,0.05,17.,29.4,1.e-7,80.,50.,1.2,7.58,20.,7.,88.
182.062,8.793,-0.146,314.071,445.678,2.96,1.81,5.61,3.19,52.,167.,1728.,1827.3268,376.0605,235.906,2.525,20.,0.05,17.,29.4,1.e-7,100.,50.,1.,7.58,20.,7.,99.
182.062,8.793,-0.146,314.071,445.678,2.96,1.81,5.61,3.19,52.,167.,1728.,1827.3268,376.0605,235.906,2.525,20.,0.01,17.,29.4,1.e-7,100.,50.,14.,7.58,20.,7.,100.
182.062,8.793,-0.146,314.071,445.678,2.96,1.81,5.61,3.19,52.,167.,1728.,1827.3268,376.0605,235.906,2.525,20.,0.005,17.,29.4,1.e-7,100.,50.,17.,7.58,20.,7.,90.
182.062,8.793,-0.146,348.849,494.32,2.96,1.89,8.21,3.695,51.3741,174.38,1738.,1847.4158,325.1793,302.196,2.149,20.,0.05,17.,29.4,1.e-7,100.,50.,1.5,7.58,20.,7.,93.
182.062,8.793,-0.146,348.849,494.32,2.96,1.89,8.21,3.695,51.3741,174.38,1738.,1847.4158,325.1793,302.196,2.149,20.,0.01,17.,29.4,1.e-7,100.,50.,18.,7.58,20.,7.,71.
182.062,8.793,-0.146,275.248,386.927,2.96,1.9,3.88,4.22,69.4,176.3,1726.,1855.3221,515.7665,291.215,6.033,20.,0.05,17.,29.4,1.e-7,100.,50.,5.,7.58,20.,7.,67.
182.062,8.793,-0.146,243.828,318.77,2.96,1.89,4.1,3.79,54.9,158.,1760.,1873.6204,420.852,321.75,0.559,20.,0.05,17.,29.4,1.e-7,100.,50.,5.7,7.58,20.,7.,87.
204.762,4.171,0.407,337.399,489.458,3.32,2.03,7.24,4.73,72.69,170.64,1742.,1843.702,351.6731,297.231,2.479,1.,1.,17.,29.4,1.e-7,50.,1.,2.,7.58,20.,1.,0.
204.762,4.171,0.407,275.248,386.927,2.96,1.9,3.88,4.22,69.4,176.3,1726.,1855.3221,515.7665,291.215,6.033,1.,1.,17.,29.4,1.e-7,50.,1.,2.,7.58,20.,1.,0.
204.762,4.171,0.407,316.834,444.53,2.95,2.39,5.94,4.67,76.6,158.,1819.,1913.9019,311.3006,298.587,1.764,1.,1.,17.,29.4,1.e-7,50.,1.,2.,7.58,20.,1.,0.
180.347,9.832,0.313,339.579,500.442,3.57,2.08,7.13,4.35,68.2,174.4,1763.,1895.47,482.2189,249.193,5.601,2.,1.,17.,29.4,25.,100.,50.,6.,17.9,19.8,2.,82.
180.347,9.832,0.313,398.366,601.743,3.63,2.06,8.77,4.35,68.2,174.4,1772.,1899.1228,495.6965,244.62,6.981,2.,1.,17.,29.4,25.,100.,50.,12.,17.9,19.8,2.,81.
180.347,9.832,0.313,387.428,580.079,3.68,2.06,9.04,4.35,68.2,174.4,1775.,1897.4314,487.0902,231.292,5.223,2.,1.,17.,29.4,25.,100.,50.,18.,17.9,19.8,2.,80.
180.347,9.832,0.313,367.959,549.46,4.78,2.27,7.05,4.35,66.4,177.4,1765.,1891.7955,513.5152,246.273,5.967,2.,1.,17.,29.4,25.,100.,50.,15.,17.9,19.8,2.,74.
180.347,9.832,0.313,411.169,623.592,6.02,2.28,8.14,4.35,66.4,177.4,1768.,1891.0174,508.5918,230.318,5.363,2.,1.,17.,29.4,25.,100.,50.,12.,17.9,19.8,2.,83.
180.347,9.832,0.313,501.41,781.621,8.99,2.27,10.51,4.35,66.4,177.4,1770.,1892.8939,514.1171,225.677,5.158,2.,1.,17.,29.4,25.,100.,50.,15.,17.9,19.8,2.,90.
180.347,9.832,0.313,407.207,618.313,5.75,2.27,8.93,4.35,66.4,177.4,1772.,1891.5648,508.4173,223.3,5.549,2.,1.,17.,29.4,25.,100.,50.,12.,17.9,19.8,2.,86.
180.347,9.832,0.313,374.868,549.594,4.83,2.04,8.19,4.2,81.4,177.2,1770.,1886.8088,511.7665,287.382,5.625,2.,1.,17.,29.4,25.,100.,50.,14.,17.9,19.8,2.,73.
180.347,9.832,0.313,360.91,541.119,3.97,2.23,6.86,4.27,69.7,168.9,1768.,1848.8668,452.6797,249.691,5.914,2.,1.,17.,29.4,25.,100.,50.,12.,17.9,19.8,2.,87.
180.347,9.832,0.313,404.719,616.218,5.25,2.24,8.44,4.27,69.7,168.9,1765.,1848.3332,439.2856,230.584,4.733,2.,1.,17.,29.4,25.,100.,50.,12.5,17.9,19.8,2.,81.
180.347,9.832,0.313,371.218,558.599,4.01,2.23,7.4,4.27,69.7,168.9,1770.,1847.9516,449.7263,243.481,6.882,2.,1.,17.,29.4,25.,100.,50.,15.,17.9,19.8,2.,89.
194.905,8.468,0.081,292.209,412.164,2.95,1.83,5.42,5.33,68.6,171.3,1750.,1885.4625,753.8885,234.478,6.534,2.,1.,17.,29.4,25.,100.,50.,5.,17.9,19.8,2.,47.
194.99,8.469,0.085,292.209,412.164,2.95,1.83,5.42,5.33,68.6,171.3,1750.,1885.4625,753.8885,234.478,6.534,2.,1.,17.,29.4,25.,100.,50.,5.,17.9,19.8,2.,41.
195.301,8.027,0.107,292.209,412.164,2.95,1.83,5.42,5.33,68.6,171.3,1750.,1885.4625,753.8885,234.478,6.534,2.,1.,17.,29.4,25.,100.,50.,5.,17.9,19.8,2.,0.
180.347,9.832,0.313,292.209,412.164,2.95,1.83,5.42,5.33,68.6,171.3,1750.,1885.4625,753.8885,234.478,6.534,2.,1.,17.,29.4,25.,100.,50.,5.,17.9,19.8,2.,89.
217.551,8.609,0.373,292.209,412.164,2.95,1.83,5.42,5.33,68.6,171.3,1750.,1885.4625,753.8885,234.478,6.534,2.,1.,17.,29.4,25.,100.,50.,5.,17.9,19.8,2.,29.
212.606,9.727,0.371,292.209,412.164,2.95,1.83,5.42,5.33,68.6,171.3,1750.,1885.4625,753.8885,234.478,6.534,2.,1.,17.,29.4,25.,100.,50.,5.,17.9,19.8,2.,76.
214.657,9.275,0.354,292.209,412.164,2.95,1.83,5.42,5.33,68.6,171.3,1750.,1885.4625,753.8885,234.478,6.534,2.,1.,17.,29.4,25.,100.,50.,5.,17.9,19.8,2.,75.
213.933,9.199,0.346,292.209,412.164,2.95,1.83,5.42,5.33,68.6,171.3,1750.,1885.4625,753.8885,234.478,6.534,2.,1.,17.,29.4,25.,100.,50.,5.,17.9,19.8,2.,69.
209.211,9.197,0.32,360.91,541.119,3.97,2.23,6.86,4.27,69.7,168.9,1768.,1848.8668,452.6797,249.691,5.914,2.,2.,17.,29.4,25.,80.,50.,48.,17.9,19.8,2.,16.
198.772,8.791,0.346,360.91,541.119,3.97,2.23,6.86,4.27,69.7,168.9,1768.,1848.8668,452.6797,249.691,5.914,2.,2.,17.,29.4,25.,80.,50.,48.,17.9,19.8,2.,11.
201.742,8.037,0.36,360.91,541.119,3.97,2.23,6.86,4.27,69.7,168.9,1768.,1848.8668,452.6797,249.691,5.914,2.,2.,17.,29.4,25.,80.,50.,48.,17.9,19.8,2.,22.
215.102,9.541,0.355,360.91,541.119,3.97,2.23,6.86,4.27,69.7,168.9,1768.,1848.8668,452.6797,249.691,5.914,2.,2.,17.,29.4,25.,80.,50.,48.,17.9,19.8,2.,32.
203.758,0.569,-0.077,314.071,445.678,2.96,1.81,5.61,3.19,52.,167.,1728.,1827.3268,376.0605,235.906,2.525,20.,0.05,15.5,27.9,5.,100.,50.,0.25,7.58,20.,10.,78.
203.758,0.569,-0.077,314.071,445.678,2.96,1.81,5.61,3.19,52.,167.,1728.,1827.3268,376.0605,235.906,2.525,20.,0.05,15.5,27.9,5.,100.,50.,1.,7.58,20.,10.,97.
203.758,0.569,-0.077,314.071,445.678,2.96,1.81,5.61,3.19,52.,167.,1728.,1827.3268,376.0605,235.906,2.525,20.,0.05,15.5,27.9,1.,100.,50.,1.,7.58,20.,10.,96.
203.758,0.569,-0.077,314.071,445.678,2.96,1.81,5.61,3.19,52.,167.,1728.,1827.3268,376.0605,235.906,2.525,20.,0.025,15.5,27.9,5.,100.,50.,1.,7.58,20.,10.,95.
203.758,0.569,-0.077,314.071,445.678,2.96,1.81,5.61,3.19,52.,167.,1728.,1827.3268,376.0605,235.906,2.525,20.,0.01,15.5,27.9,5.,100.,50.,4.,7.58,20.,10.,88.
203.758,0.569,-0.077,314.071,445.678,2.96,1.81,5.61,3.19,52.,167.,1728.,1827.3268,376.0605,235.906,2.525,20.,0.05,15.5,27.9,5.,100.,30.,1.,7.58,20.,10.,96.
203.758,0.569,-0.077,314.071,445.678,2.96,1.81,5.61,3.19,52.,167.,1728.,1827.3268,376.0605,235.906,2.525,20.,0.05,15.5,27.9,5.,100.,10.,4.,7.58,20.,10.,47.
203.758,0.569,-0.077,314.071,445.678,2.96,1.81,5.61,3.19,52.,167.,1728.,1827.3268,376.0605,235.906,2.525,20.,0.05,15.5,27.9,5.,60.,50.,2.,7.58,20.,10.,90.
203.758,0.569,-0.077,346.211,497.682,2.96,1.81,5.61,4.38,60.9,166.6,1714.,1820.1283,378.1701,236.029,2.606,20.,0.05,15.5,27.9,5.,100.,50.,1.,7.58,20.,10.,99.
203.758,0.569,-0.077,364.941,536.97,2.96,2.54,5.62,5.26,68.4,166.1,1712.,1813.2092,360.2351,236.243,2.461,20.,0.05,15.5,27.9,5.,100.,50.,1.,7.58,20.,10.,99.
203.758,0.569,-0.077,364.941,536.97,2.96,2.54,5.62,5.26,68.4,166.1,1712.,1813.2092,360.2351,236.243,2.461,20.,0.01,15.5,27.9,5.,100.,50.,4.,7.58,20.,10.,99.
203.758,0.569,-0.077,364.941,536.97,2.96,2.54,5.62,5.26,68.4,166.1,1712.,1813.2092,360.2351,236.243,2.461,20.,0.05,15.5,27.9,5.,100.,10.,4.,7.58,20.,10.,99.
203.758,0.569,-0.077,407.421,599.698,2.96,1.81,7.98,4.3,64.5,165.9,1720.,1820.594,377.1601,236.019,2.608,20.,0.05,15.5,27.9,5.,100.,50.,1.,7.58,20.,10.,99.
203.758,0.569,-0.077,429.832,650.89,2.96,1.84,7.84,5.45,66.6,166.3,1714.,1824.2415,403.5738,226.031,2.484,20.,0.05,15.5,27.9,5.,100.,50.,1.,7.58,20.,10.,99.
203.758,0.569,-0.077,344.85,497.397,3.62,2.15,6.98,3.66,51.9,173.8,1739.,1851.7569,301.1091,250.737,2.369,20.,0.05,15.5,27.9,5.,100.,50.,2.5,7.58,20.,14.,82.
178.078,1.159,-0.041,344.85,497.397,3.62,2.15,6.98,3.66,51.9,173.8,1739.,1851.7569,301.1091,250.737,2.369,20.,0.05,15.5,27.9,5.,100.,50.,2.5,7.58,20.,14.,83.
203.758,0.569,-0.077,377.66,549.269,3.95,1.88,9.51,3.6,51.9,173.1,1743.,1852.2463,350.6902,248.307,2.609,20.,0.05,15.5,27.9,5.,100.,50.,2.5,7.58,20.,14.,96.
178.078,1.159,-0.041,377.66,549.269,3.95,1.88,9.51,3.6,51.9,173.1,1743.,1852.2463,350.6902,248.307,2.609,20.,0.05,15.5,27.9,5.,100.,50.,2.5,7.58,20.,14.,90.
203.758,0.569,-0.077,333.759,486.516,2.96,1.99,5.8,3.67,52.2,175.9,1732.,1841.4806,336.2613,295.531,2.33,20.,0.05,15.5,27.9,5.,100.,50.,2.5,7.58,20.,14.,88.
178.078,1.159,-0.041,333.759,486.516,2.96,1.99,5.8,3.67,52.2,175.9,1732.,1841.4806,336.2613,295.531,2.33,20.,0.05,15.5,27.9,5.,100.,50.,2.5,7.58,20.,14.,89.
203.758,0.569,-0.077,387.949,577.505,7.94,1.83,6.3,3.61,51.9,173.1,1739.,1843.0712,358.4231,300.148,2.33,20.,0.05,15.5,27.9,5.,100.,50.,2.5,7.58,20.,14.,94.
178.078,1.159,-0.041,387.949,577.505,7.94,1.83,6.3,3.61,51.9,173.1,1739.,1843.0712,358.4231,300.148,2.33,20.,0.05,15.5,27.9,5.,100.,50.,2.5,7.58,20.,14.,87.
203.758,0.569,-0.077,377.638,551.793,2.95,2.1,8.61,4.2,81.4,177.2,1770.,1896.5638,587.4501,295.438,5.847,20.,0.05,15.5,27.9,5.,100.,50.,4.,2.38,0.1,14.,87.
178.078,1.159,-0.041,377.638,551.793,2.95,2.1,8.61,4.2,81.4,177.2,1770.,1896.5638,587.4501,295.438,5.847,20.,0.05,15.5,27.9,5.,100.,50.,4.,2.38,0.1,14.,91.
203.758,0.569,-0.077,401.218,595.134,2.96,2.33,8.08,4.16,75.5,171.7,1733.,1852.8149,537.5107,286.619,6.195,20.,0.05,15.5,27.9,5.,100.,50.,4.,2.38,0.1,14.,93.
178.078,1.159,-0.041,401.218,595.134,2.96,2.33,8.08,4.16,75.5,171.7,1733.,1852.8149,537.5107,286.619,6.195,20.,0.05,15.5,27.9,5.,100.,50.,4.,2.38,0.1,14.,86.
191.354,25.729,0.247,314.071,445.678,2.96,1.81,5.61,3.19,52.,167.,1728.,1827.3268,376.0605,235.906,2.525,11.1,0.67,17.,29.4,0.53,25.,25.,3.,7.58,20.,6.,23.
191.354,25.729,0.247,314.071,445.678,2.96,1.81,5.61,3.19,52.,167.,1728.,1827.3268,376.0605,235.906,2.525,11.1,0.67,17.,29.4,0.53,50.,25.,2.,7.58,20.,6.,78.
191.354,25.729,0.247,299.619,426.17,2.96,2.65,4.38,3.64,52.6,178.8,1734.,1839.892,336.4213,296.205,2.309,11.1,0.67,17.,29.4,0.53,50.,25.,4.,7.58,20.,6.,98.
191.354,25.729,0.247,313.219,438.941,2.96,1.96,5.45,4.16,61.6,177.,1735.,1838.4023,339.8354,292.366,2.465,11.1,0.67,17.,29.4,0.53,50.,25.,4.,7.58,20.,6.,80.
191.354,25.729,0.247,320.989,461.065,2.98,1.82,5.61,3.95,51.5,169.8,1681.,1764.9916,455.6388,213.712,3.268,11.1,0.67,17.,29.4,0.53,50.,25.,4.,7.58,20.,6.,6.
191.354,25.729,0.247,392.409,579.481,2.96,1.89,5.61,3.89,51.5,165.9,1719.,1826.6296,596.1274,232.543,2.678,11.1,0.67,17.,29.4,0.53,50.,25.,4.,7.58,20.,6.,14.
191.354,25.729,0.247,417.029,626.732,7.95,1.94,6.3,4.01,61.3,173.1,1730.,1836.7059,330.8258,298.898,2.266,11.1,0.67,17.,29.4,0.53,50.,25.,4.,7.58,20.,6.,55.
191.354,25.729,0.247,292.209,412.164,2.95,1.83,5.42,5.33,68.6,171.3,1750.,1885.4625,753.8885,234.478,6.534,11.1,0.67,17.,29.4,0.53,50.,25.,4.,7.58,20.,6.,96.
191.354,25.729,0.247,285.818,398.97,2.95,2.1,4.91,4.2,83.6,177.2,1765.,1896.7763,586.884,295.396,5.916,11.1,0.67,17.,29.4,0.53,25.,25.,4.,7.58,20.,6.,32.
191.354,25.729,0.247,256.718,350.402,2.95,2.13,4.05,4.25,66.1,177.4,1740.,1896.2659,536.4977,289.971,5.75,11.1,0.67,17.,29.4,0.53,50.,25.,4.,7.58,20.,6.,42.
200.632,0.737,-0.072,232.908,304.854,2.95,2.08,3.08,4.3,68.8,178.1,1772.,1900.4854,562.5498,296.563,5.78,7.57,0.1,15.5,27.9,2.,100.,50.,6.,7.58,20.,10.,97.
200.632,0.737,-0.072,261.718,354.307,2.95,2.1,3.93,4.4,78.,177.2,1768.,1896.7094,580.4541,295.703,5.932,7.57,0.1,15.5,27.9,2.,100.,50.,6.,7.58,20.,10.,85.
200.632,0.737,-0.072,377.638,551.793,2.95,2.1,8.61,4.2,81.4,177.2,1770.,1896.5638,587.4501,295.438,5.847,7.57,0.1,15.5,27.9,2.,100.,50.,6.,7.58,20.,10.,69.
200.632,0.737,-0.072,255.268,346.73,2.96,2.31,3.27,4.26,69.4,171.9,1768.,1855.7934,512.1213,286.971,6.048,7.57,0.1,15.5,27.9,2.,100.,50.,6.,7.58,20.,10.,99.
200.632,0.737,-0.072,370.518,544.112,2.96,2.33,7.01,4.16,75.5,171.7,1735.,1852.3935,536.8498,286.787,6.11,7.57,0.1,15.5,27.9,2.,100.,50.,6.,7.58,20.,10.,99.
200.632,0.737,-0.072,275.248,386.927,2.96,1.9,3.88,4.22,69.4,176.3,1726.,1855.3221,515.7665,291.215,6.033,7.57,0.1,15.5,27.9,2.,100.,50.,6.,7.58,20.,10.,91.
200.632,0.737,-0.072,314.071,445.678,2.96,1.81,5.61,3.19,52.,167.,1728.,1827.3268,376.0605,235.906,2.525,7.57,0.2,15.5,27.9,4.,100.,50.,6.,7.58,20.,10.,64.
200.632,0.737,-0.072,368.108,541.457,2.96,2.02,7.13,3.89,51.5,165.8,1730.,1830.304,357.2876,233.288,3.338,7.57,0.2,15.5,27.9,4.,100.,50.,6.,7.58,20.,10.,92.
200.632,0.737,-0.072,407.97,622.128,2.96,2.3,8.03,3.89,51.5,165.9,1725.,1822.9266,410.3705,229.286,3.05,7.57,0.2,15.5,27.9,4.,100.,50.,6.,7.58,20.,10.,75.
200.632,0.737,-0.072,364.941,536.97,2.96,2.54,5.62,5.26,68.4,166.1,1712.,1813.2092,360.2351,236.243,2.461,7.57,0.2,15.5,27.9,4.,100.,50.,6.,7.58,20.,10.,73.
200.632,0.737,-0.072,429.832,650.89,2.96,1.84,7.84,5.45,66.6,166.3,1714.,1824.2415,403.5738,226.031,2.484,7.57,0.2,15.5,27.9,4.,100.,50.,6.,7.58,20.,10.,98.
200.632,0.737,-0.072,344.85,497.397,3.62,2.15,6.98,3.66,51.9,173.8,1739.,1851.7569,301.1091,250.737,2.369,7.57,0.2,15.5,27.9,4.,100.,50.,6.,7.58,20.,10.,92.
200.632,0.737,-0.072,377.66,549.269,3.95,1.88,9.51,3.6,51.9,173.1,1743.,1852.2463,350.6902,248.307,2.609,7.57,0.2,15.5,27.9,4.,100.,50.,6.,7.58,20.,10.,73.
200.632,0.737,-0.072,276.698,371.926,2.95,1.89,5.39,3.7,51.9,170.69,1754.,1879.6086,355.2715,291.172,3.619,7.57,0.2,15.5,27.9,4.,100.,50.,6.,7.58,20.,10.,99.
200.632,0.737,-0.072,301.808,417.795,2.96,1.9,6.03,3.6,51.9,170.6,1754.,1843.1799,340.7541,286.988,2.913,7.57,0.2,15.5,27.9,4.,100.,50.,6.,7.58,20.,10.,98.
200.632,0.737,-0.072,348.849,494.32,2.96,1.89,8.21,3.695,51.3741,174.38,1738.,1847.4158,325.1793,302.196,2.149,7.57,0.2,15.5,27.9,4.,100.,50.,6.,7.58,20.,10.,49.
200.632,0.737,-0.072,471.399,698.215,2.96,1.89,13.3,3.61,51.9,173.1,1740.,1847.2565,322.9749,301.84,2.144,7.57,0.2,15.5,27.9,4.,100.,50.,12.,7.58,20.,10.,60.
200.632,0.737,-0.072,220.887,283.659,2.94,1.87,2.54,4.2,58.3,154.2,1799.,1947.9834,850.5331,321.653,6.746,7.57,1.,15.9,29.8,20.,120.,50.,6.,7.58,20.,10.,91.
200.632,0.737,-0.072,243.828,318.77,2.96,1.89,4.1,3.79,54.9,158.,1760.,1873.6204,420.852,321.75,0.559,7.57,1.,15.9,29.8,20.,120.,50.,6.,7.58,20.,10.,44.
